timestamp,price,quantity,buyer,seller,spread
0,100.60000000000001,2,57,6,0.020000000000010232
1,100.18,2,34,30,0.020000000000010232
2,100.18,2,56,30,0.020000000000010232
2,100.46000000000001,1,56,12,0.020000000000010232
2,99.82000000000001,2,29,50,0.020000000000010232
4,100.05,1,49,45,0.020000000000010232
4,99.79,1,32,52,0.020000000000010232
4,99.79,3,32,43,0.020000000000010232
4,100.05,1,27,45,0.020000000000010232
4,100.05,1,57,45,0.020000000000010232
4,100.15,3,57,17,0.020000000000010232
4,100.21000000000001,3,51,33,-0.20000000000000284
6,99.68,2,16,59,-0.30999999999998806
6,100.03,1,34,33,0.020000000000010232
6,100.46000000000001,1,34,12,0.020000000000010232
6,100.46000000000001,1,34,13,-0.45000000000000284
7,99.56,2,36,0,-0.20999999999999375
8,99.56,1,36,14,-0.20999999999999375
8,99.47,2,10,14,-0.20999999999999375
8,99.78,2,31,13,-0.20999999999999375
8,99.78,1,32,13,-0.20999999999999375
8,100.53,2,0,10,0.020000000000010232
9,100.28,2,46,42,0.020000000000010232
10,99.91,1,32,45,0.020000000000010232
10,99.87,3,29,45,-0.11999999999999034
10,99.47,3,10,35,0.020000000000010232
11,99.82000000000001,4,32,30,-0.1699999999999875
11,100.28,2,60,42,0.020000000000010232
11,100.53,2,60,10,0.020000000000010232
14,99.60000000000001,4,52,50,-0.2599999999999909
17,99.73,2,17,36,-0.2599999999999909
17,99.60000000000001,1,55,14,0.020000000000010232
17,99.60000000000001,2,55,24,0.020000000000010232
18,100.2,2,16,11,0.020000000000010232
18,100.32000000000001,2,46,11,0.020000000000010232
20,99.60000000000001,1,30,35,-0.09999999999999432
20,99.59,1,37,35,-0.09999999999999432
20,99.89,1,42,26,-0.09999999999999432
20,99.93,2,42,33,-0.05999999999998806
20,100.18,1,42,32,0.020000000000010232
21,99.59,3,37,25,-0.3499999999999943
21,99.58,1,59,25,-0.3499999999999943
22,99.58,1,59,59,-0.3499999999999943
22,99.55,1,45,59,-0.3499999999999943
23,99.64,1,44,55,-0.3499999999999943
23,99.62,1,33,26,-0.23999999999999488
24,99.48,4,39,53,-0.4199999999999875
26,99.56,4,30,59,-0.4199999999999875
26,99.57000000000001,1,60,26,-0.4199999999999875
28,99.75,2,12,52,-0.23999999999999488
28,99.48,2,38,14,-0.09999999999999432
28,99.48,1,22,14,-0.09999999999999432
31,99.63,1,17,52,-0.35999999999999943
31,99.78,1,17,22,-0.09999999999999432
32,99.89,1,12,17,-0.09999999999999432
32,100.04,3,12,12,0.020000000000010232
33,100.05,2,30,26,-0.03999999999999204
33,100.07000000000001,1,49,11,-0.03999999999999204
35,100.07000000000001,2,48,11,-0.03999999999999204
35,100.2,1,48,54,-0.03999999999999204
37,100.05,2,30,37,-0.03999999999999204
37,99.98,1,45,37,0.020000000000010232
37,100.2,2,41,54,0.020000000000010232
37,100.2,1,47,54,0.020000000000010232
37,100.28,1,47,42,0.020000000000010232
38,100.03,1,11,50,-0.01999999999999602
40,100.21000000000001,2,54,13,-0.20000000000000284
41,100.03,2,11,38,-0.01999999999999602
41,99.98,1,45,38,0.020000000000010232
42,99.84,1,12,33,-0.14999999999999147
42,99.81,1,33,59,-0.14999999999999147
43,99.81,2,33,0,-0.14999999999999147
43,99.84,1,40,33,-0.14999999999999147
43,100.03,3,40,30,0.020000000000010232
43,100.03,1,58,30,0.020000000000010232
46,100.07000000000001,2,0,17,0.020000000000010232
46,99.81,1,33,55,0.020000000000010232
46,99.78,1,17,55,0.020000000000010232
46,99.73,1,55,55,0.020000000000010232
48,99.92,3,16,45,-0.06999999999999318
50,99.99000000000001,1,11,30,1.4210854715202004e-14
50,99.97,3,17,21,1.4210854715202004e-14
50,99.99000000000001,3,40,30,1.4210854715202004e-14
50,99.97,1,17,24,0.020000000000010232
50,99.84,1,33,24,0.020000000000010232
50,99.84,3,33,14,0.020000000000010232
50,99.73,1,55,14,0.020000000000010232
52,100.07000000000001,2,17,17,0.020000000000010232
52,100.16,1,17,32,0.020000000000010232
52,100.22,1,23,42,0.020000000000010232
52,100.28,3,23,32,0.020000000000010232
52,99.73,2,55,53,0.020000000000010232
52,100.32000000000001,2,58,11,-0.21999999999999886
53,100.32000000000001,3,57,10,-0.21999999999999886
54,100.23,2,32,13,-0.21999999999999886
54,99.95,1,30,13,0.020000000000010232
54,100.29,2,12,42,0.020000000000010232
57,100.32000000000001,2,23,10,0.020000000000010232
57,100.33,2,46,8,0.020000000000010232
62,100.19,2,0,11,-0.14000000000000057
63,100.15,1,42,13,-0.14000000000000057
63,100.13,1,32,13,-0.11999999999999034
64,100.13,1,32,52,-0.11999999999999034
64,99.96000000000001,1,30,50,0.020000000000010232
64,100.19,1,27,11,0.020000000000010232
64,100.33,2,27,8,0.020000000000010232
66,99.86,3,22,45,0.020000000000010232
67,99.87,3,48,29,-0.11999999999999034
69,99.96000000000001,3,28,11,-0.029999999999986926
72,99.96000000000001,1,23,11,-0.029999999999986926
74,100.29,2,56,51,-0.14000000000000057
74,100.33,1,56,8,-0.14000000000000057
74,100.34,1,56,32,-0.14000000000000057
75,100.15,2,42,53,-0.14000000000000057
75,99.86,1,22,53,0.020000000000010232
76,100.32000000000001,1,46,33,-0.28999999999999204
76,100.34,1,46,32,-0.28999999999999204
76,100.3,4,51,29,-0.28999999999999204
78,99.79,2,30,26,0.020000000000010232
78,99.76,2,55,26,0.020000000000010232
79,100.14,3,57,32,0.020000000000010232
80,99.72,2,45,52,0.020000000000010232
81,99.72,1,45,19,0.020000000000010232
81,99.72,1,45,59,0.020000000000010232
81,99.69,1,36,59,0.020000000000010232
81,99.66,2,26,59,0.020000000000010232
82,100.14,1,33,32,0.020000000000010232
84,100.22,3,33,32,-0.20999999999999375
84,100.31,4,28,42,-0.1799999999999926
84,100.32000000000001,3,46,12,-0.1799999999999926
84,100.19,4,54,13,-0.1799999999999926
86,99.93,2,22,36,0.020000000000010232
86,99.93,1,30,36,0.020000000000010232
87,99.93,1,30,38,0.020000000000010232
87,99.68,1,39,38,0.020000000000010232
87,100.31,3,17,11,-0.29999999999999716
87,99.68,1,39,11,0.020000000000010232
88,99.7,2,34,45,-0.28999999999999204
88,100.32000000000001,1,34,12,0.020000000000010232
88,100.34,1,34,32,0.020000000000010232
89,99.93,2,30,59,0.020000000000010232
91,100.34,1,27,32,0.020000000000010232
91,100.35000000000001,1,27,17,0.020000000000010232
92,100.19,2,12,42,0.020000000000010232
94,99.93,1,30,22,0.020000000000010232
95,99.68,1,39,15,-0.13999999999998636
96,99.85000000000001,2,46,22,-0.13999999999998636
96,100.19,1,46,42,0.020000000000010232
96,100.36,1,46,51,0.020000000000010232
97,100.36,2,17,51,0.020000000000010232
97,100.37,1,17,33,0.020000000000010232
98,99.81,2,42,0,0.020000000000010232
99,99.81,1,42,36,0.020000000000010232
99,99.68,4,29,53,0.020000000000010232
101,99.77,3,56,55,-0.21999999999999886
101,99.66,1,26,11,0.020000000000010232
101,99.65,3,26,11,0.020000000000010232
104,99.77,1,26,35,0.020000000000010232
106,99.77,1,26,15,0.020000000000010232
106,99.74000000000001,1,32,15,0.020000000000010232
107,100.37,3,58,33,0.020000000000010232
108,100.18,1,30,42,-0.1700000000000017
109,100.4,3,51,10,-0.1700000000000017
110,100.18,1,30,25,-0.1700000000000017
111,100.18,2,30,13,-0.1700000000000017
111,99.94,3,39,24,0.020000000000010232
111,99.92,1,32,24,0.020000000000010232
111,100.4,2,46,10,0.020000000000010232
111,100.4,2,46,6,0.020000000000010232
112,99.92,2,32,52,0.020000000000010232
113,99.92,1,32,19,0.020000000000010232
113,99.91,3,29,19,0.020000000000010232
113,100.4,2,0,6,0.020000000000010232
114,99.91,1,29,26,0.020000000000010232
114,99.87,3,22,26,0.020000000000010232
115,100.4,1,23,6,0.020000000000010232
115,100.4,3,23,51,0.020000000000010232
115,99.85000000000001,1,26,53,0.020000000000010232
116,99.85000000000001,2,26,50,0.020000000000010232
117,100.4,1,34,51,0.020000000000010232
117,100.41,3,34,8,0.020000000000010232
117,100.41,2,28,8,0.020000000000010232
119,100.41,2,49,17,-0.1700000000000017
119,100.42,1,49,40,-0.1700000000000017
121,100.42,1,28,40,-0.1700000000000017
121,100.43,3,28,34,-0.1700000000000017
121,100.18,1,33,11,-0.1700000000000017
122,100.43,3,60,17,0.020000000000010232
122,100.44,1,60,12,0.020000000000010232
123,99.88,1,30,39,-0.10999999999999943
123,100.03,1,30,42,0.020000000000010232
123,99.8,1,26,50,0.020000000000010232
125,100.03,1,27,42,0.020000000000010232
129,99.8,1,26,45,0.020000000000010232
129,99.74000000000001,2,32,36,0.020000000000010232
129,99.65,2,55,36,0.020000000000010232
131,100.03,1,17,42,0.020000000000010232
131,99.91,2,42,26,0.020000000000010232
132,99.91,2,42,14,0.020000000000010232
132,99.65,1,55,14,0.020000000000010232
132,99.65,1,55,50,0.020000000000010232
132,99.65,2,45,50,0.020000000000010232
132,99.65,2,45,20,0.020000000000010232
132,99.64,2,55,20,0.020000000000010232
135,99.91,3,32,39,0.020000000000010232
135,99.91,1,55,39,-0.0799999999999983
135,100.04,2,0,33,0.020000000000010232
138,99.92,3,55,45,0.020000000000010232
138,99.71000000000001,2,26,15,0.020000000000010232
138,99.64,1,55,15,0.020000000000010232
138,99.64,1,55,15,0.020000000000010232
140,100.04,1,42,33,0.020000000000010232
141,100.11,2,41,33,0.020000000000010232
141,100.11,1,23,33,0.020000000000010232
142,99.64,3,55,13,0.020000000000010232
142,99.61,1,37,13,0.020000000000010232
144,100.10000000000001,1,44,29,0.020000000000010232
144,100.11,1,48,33,0.020000000000010232
144,100.25,1,48,17,0.020000000000010232
145,99.60000000000001,2,39,50,0.020000000000010232
150,100.02,1,42,45,-0.009999999999990905
150,99.95,1,22,45,0.020000000000010232
151,100.16,1,17,35,-0.14999999999999147
151,99.95,1,22,35,0.020000000000010232
151,99.9,2,26,35,0.020000000000010232
151,99.9,2,26,0,0.020000000000010232
152,100.14,1,51,24,-0.12999999999999545
153,100.21000000000001,1,22,32,-0.12999999999999545
153,100.14,1,51,13,-0.12999999999999545
153,100.21000000000001,1,31,32,-0.12999999999999545
154,100.21000000000001,1,34,32,-0.12999999999999545
154,100.25,2,34,17,-0.12999999999999545
154,100.26,3,56,51,-0.12999999999999545
156,100.28,2,17,54,-0.12999999999999545
156,100.14,2,51,59,-0.12999999999999545
156,99.79,1,33,59,0.020000000000010232
157,100.28,1,56,54,0.020000000000010232
158,100.28,1,58,54,0.020000000000010232
158,100.31,2,58,12,0.020000000000010232
159,100.21000000000001,1,22,25,-0.20000000000000284
160,100.21000000000001,1,22,45,-0.20000000000000284
161,99.82000000000001,1,33,18,0.020000000000010232
163,99.82000000000001,2,33,21,0.020000000000010232
163,99.79,2,33,21,0.020000000000010232
165,100.07000000000001,3,51,42,0.020000000000010232
166,99.79,1,33,36,0.020000000000010232
166,100.02,2,22,32,0.020000000000010232
166,99.77,2,39,39,0.020000000000010232
167,99.75,1,26,39,-0.23999999999999488
167,100.02,2,49,32,0.020000000000010232
167,100.07000000000001,1,49,42,0.020000000000010232
167,100.39,1,49,30,0.020000000000010232
167,100.39,1,55,30,0.020000000000010232
167,100.4,1,55,55,0.020000000000010232
167,100.4,1,55,12,0.020000000000010232
167,100.4,1,55,17,0.020000000000010232
172,100.27,1,34,33,0.020000000000010232
172,100.29,2,34,17,0.020000000000010232
174,100.35000000000001,3,49,12,0.020000000000010232
176,99.98,2,17,32,-0.009999999999990905
177,99.91,1,26,26,0.020000000000010232
179,99.91,1,54,26,-0.0799999999999983
179,100.01,3,54,42,0.020000000000010232
181,99.69,1,33,53,0.23000000000000398
183,99.99000000000001,2,32,15,0.009999999999990905
183,99.63,1,45,15,0.010000000000005116
184,99.63,2,45,18,0.010000000000005116
185,99.62,1,45,19,0.010000000000005116
187,99.7,2,17,45,-0.28999999999999204
188,99.7,1,34,45,-0.28999999999999204
188,99.7,1,56,45,-0.28999999999999204
188,99.83,2,56,42,-0.1599999999999966
189,99.83,1,22,42,-0.1599999999999966
189,100.0,1,22,42,0.010000000000005116
189,100.13,1,22,29,0.14000000000000057
189,100.13,1,28,29,0.14000000000000057
189,100.22,3,28,22,0.23000000000000398
190,100.22,1,33,12,0.060000000000002274
190,100.34,1,33,55,0.18000000000000682
191,100.34,2,33,43,0.060000000000002274
191,100.16,1,26,43,0.2400000000000091
191,100.27,1,29,59,0.13000000000000966
192,100.4,2,0,17,0.13000000000000966
193,100.41,1,41,17,0.01999999999999602
193,100.47,3,41,10,0.0799999999999983
193,100.39,1,32,24,0.0799999999999983
193,100.27,1,29,24,0.20000000000000284
194,100.16,1,26,53,0.3100000000000023
194,100.47,2,56,10,0.3100000000000023
194,100.47,1,56,51,0.3100000000000023
195,100.47,4,55,30,0.3100000000000023
196,100.16,2,26,36,0.3100000000000023
196,99.74000000000001,1,39,36,0.480000000000004
196,99.66,4,8,35,0.480000000000004
196,100.47,2,22,30,0.480000000000004
196,100.48,2,22,6,0.4900000000000091
199,99.72,2,39,14,1.4210854715202004e-14
199,99.72,1,39,24,1.4210854715202004e-14
200,99.99000000000001,4,29,42,1.4210854715202004e-14
204,99.66,1,8,53,0.09000000000000341
204,99.65,1,10,53,0.09000000000000341
204,99.65,4,10,45,0.09000000000000341
205,100.08,2,22,12,0.09000000000000341
205,100.36,2,22,26,0.37000000000000455
206,99.91,1,39,14,0.37000000000000455
207,99.91,1,39,0,0.37000000000000455
207,99.78,1,52,0,0.37000000000000455
210,99.78,1,52,14,-0.1799999999999926
210,99.64,3,6,14,-0.1799999999999926
211,99.81,1,26,12,-0.1799999999999926
212,99.81,2,47,12,-0.1799999999999926
212,99.64,2,6,45,0.07000000000000739
213,99.61,2,39,11,0.07000000000000739
213,99.59,1,38,11,0.07000000000000739
214,99.77,3,39,12,0.07000000000000739
216,99.59,2,38,42,-0.38999999999998636
216,99.59,1,32,42,-0.38999999999998636
216,99.59,1,39,42,-0.38999999999998636
217,99.60000000000001,1,44,38,-0.38999999999998636
218,99.60000000000001,2,58,38,-0.38999999999998636
218,99.59,2,39,0,-0.06999999999999318
219,99.92,3,47,29,-0.06999999999999318
219,100.06,1,47,30,0.07000000000000739
219,99.58,3,13,14,0.07000000000000739
220,99.58,1,13,45,0.07000000000000739
220,99.58,2,5,45,0.07000000000000739
221,100.06,1,33,30,0.07000000000000739
221,100.06,1,17,30,0.07000000000000739
221,100.3,1,17,17,0.3100000000000023
221,99.58,1,5,38,0.3100000000000023
223,100.29,2,26,39,0.30000000000001137
224,100.12,3,41,32,0.13000000000000966
227,99.58,2,5,25,0.21000000000000796
228,100.2,2,55,30,0.09999999999999432
229,100.10000000000001,3,30,12,0.09999999999999432
230,100.2,1,46,30,0.09999999999999432
231,100.29,1,27,39,0.18999999999999773
231,100.29,1,54,39,0.18999999999999773
232,100.10000000000001,1,30,36,0.19999999999998863
232,99.57000000000001,2,10,36,0.3100000000000023
233,100.3,1,17,17,0.3100000000000023
233,99.68,1,56,37,-0.30999999999998806
233,99.68,1,39,37,-0.30999999999998806
233,100.34,2,39,26,0.3500000000000085
236,100.34,2,60,26,0.29999999999999716
236,100.36,1,60,26,0.3199999999999932
236,100.37,1,60,33,0.3299999999999983
236,100.37,2,47,33,0.3299999999999983
236,100.45,1,47,26,0.4099999999999966
236,100.45,2,33,26,0.4099999999999966
236,100.48,2,33,6,0.4399999999999977
236,100.48,1,22,6,0.4399999999999977
236,100.48,3,22,10,0.4399999999999977
237,100.48,2,46,10,0.4399999999999977
237,100.48,1,46,10,0.4399999999999977
237,100.04,1,32,20,0.4399999999999977
237,99.60000000000001,2,10,20,0.4900000000000091
241,99.85000000000001,2,12,0,0.4900000000000091
242,100.48,1,33,10,0.1700000000000017
243,100.31,1,32,13,0.1700000000000017
246,100.48,2,39,10,0.1700000000000017
247,100.31,1,32,26,0.1700000000000017
247,100.24000000000001,1,26,26,0.23999999999999488
247,100.24000000000001,1,26,19,0.23999999999999488
247,100.16,1,29,19,0.3200000000000074
247,100.16,1,29,0,0.3200000000000074
247,99.79,1,8,0,0.4900000000000091
248,100.48,1,27,10,0.4900000000000091
248,100.48,2,27,54,0.4900000000000091
249,99.79,3,8,38,0.4900000000000091
250,99.79,1,8,59,0.4900000000000091
250,99.75,1,10,59,0.4900000000000091
251,100.29,4,34,29,0.30000000000001137
251,100.48,1,44,54,0.4900000000000091
251,100.49000000000001,3,44,8,0.5000000000000142
252,99.75,4,10,19,0.5000000000000142
253,99.8,2,52,25,0.5000000000000142
254,100.25,3,26,32,0.23000000000000398
254,100.12,1,17,32,0.13000000000000966
254,100.48,1,17,54,0.4900000000000091
254,99.74000000000001,2,52,45,0.4900000000000091
254,99.72,2,6,45,0.4900000000000091
258,100.12,4,30,12,0.35999999999999943
258,100.48,2,27,54,0.4900000000000091
260,100.48,1,40,54,0.4900000000000091
260,100.49000000000001,2,40,8,0.5000000000000142
262,100.26,2,33,54,0.27000000000001023
262,100.49000000000001,2,33,8,0.5000000000000142
262,99.72,3,6,45,0.5000000000000142
262,99.72,1,5,45,0.5000000000000142
263,99.95,1,52,43,0.5000000000000142
265,100.23,1,44,30,0.2400000000000091
265,100.49000000000001,3,44,8,0.5000000000000142
265,99.95,2,52,12,0.480000000000004
267,100.04,1,32,42,0.4299999999999926
267,100.47,1,22,17,0.4299999999999926
269,100.29,2,16,54,0.25
271,100.29,2,34,54,0.25
271,100.47,2,34,17,0.4299999999999926
272,100.04,3,32,19,0.45000000000000284
272,99.72,1,5,19,0.5000000000000142
272,100.49000000000001,1,0,56,0.5000000000000142
272,100.49000000000001,1,0,54,0.5000000000000142
273,100.49000000000001,1,46,54,0.5000000000000142
273,100.49000000000001,3,46,33,0.5000000000000142
274,99.72,2,5,12,0.5000000000000142
274,99.72,1,5,36,0.5000000000000142
274,100.4,2,26,18,0.09000000000000341
274,99.67,1,8,18,0.5000000000000142
277,99.67,2,8,21,0.5000000000000142
279,100.49000000000001,1,34,33,0.15000000000000568
279,100.49000000000001,2,34,17,0.15000000000000568
280,100.34,1,26,42,0.15000000000000568
280,100.25,2,30,42,0.2400000000000091
280,100.49000000000001,2,33,17,0.2400000000000091
281,100.5,1,16,51,0.25
281,100.51,2,16,5,0.2600000000000051
282,100.51,1,41,5,0.2600000000000051
282,100.51,2,48,5,0.2600000000000051
282,100.51,1,47,56,0.2600000000000051
282,100.51,1,46,56,0.2600000000000051
282,100.51,1,46,30,0.2600000000000051
282,100.25,1,30,19,0.2600000000000051
282,100.17,2,52,19,0.3400000000000034
283,100.07000000000001,3,54,24,0.4399999999999977
283,100.5,2,34,26,0.5100000000000051
286,100.35000000000001,3,17,54,0.04999999999999716
287,99.8,2,10,36,0.3500000000000085
288,100.34,2,40,29,0.3500000000000085
288,100.4,1,40,30,0.4100000000000108
289,99.8,2,10,11,0.5200000000000102
293,100.51,2,49,30,0.01999999999999602
293,100.52,1,49,8,0.029999999999986926
293,100.49000000000001,1,30,25,0.029999999999986926
294,100.49000000000001,2,30,59,0.029999999999986926
294,100.26,1,26,59,0.2599999999999909
296,100.52,4,39,8,0.5300000000000011
296,100.53,1,41,10,0.5400000000000063
296,100.53,3,41,10,0.5400000000000063
297,99.8,1,10,36,0.5400000000000063
297,99.79,3,8,36,0.5400000000000063
298,100.53,2,60,10,0.5400000000000063
298,100.53,1,60,10,0.5400000000000063
299,100.53,3,33,10,0.5400000000000063
300,100.53,1,31,10,0.5400000000000063
301,100.32000000000001,1,49,52,0.3300000000000125
302,100.19,1,17,32,0.13000000000000966
302,99.79,2,8,21,0.09000000000000341
303,99.79,2,6,53,0.060000000000002274
303,100.05,2,0,29,0.060000000000002274
303,100.05,1,23,29,0.060000000000002274
303,100.08,2,23,32,0.09000000000000341
305,100.08,1,34,32,0.09000000000000341
307,99.79,2,6,42,0.3300000000000125
307,100.32000000000001,1,39,52,0.3300000000000125
307,100.49000000000001,2,39,30,0.5000000000000142
308,99.79,1,6,45,0.5400000000000063
309,100.41,2,30,24,0.12000000000000455
310,100.53,1,49,48,0.12000000000000455
311,100.53,1,26,48,0.12000000000000455
311,100.53,2,26,40,0.12000000000000455
312,100.41,1,30,36,0.12000000000000455
313,100.17,2,52,19,0.35999999999999943
313,100.13,1,54,19,0.4000000000000057
313,100.13,1,54,14,0.4000000000000057
313,99.89,2,6,14,0.5400000000000063
315,100.18,1,32,12,0.3499999999999943
315,99.89,3,6,12,0.5400000000000063
315,99.85000000000001,4,8,24,0.5400000000000063
317,100.05,1,17,54,0.060000000000002274
320,99.9,2,32,53,0.060000000000002274
320,99.85000000000001,1,8,53,0.060000000000002274
320,99.8,1,5,53,0.060000000000002274
321,100.05,1,34,54,0.060000000000002274
321,100.53,1,34,40,0.5400000000000063
321,100.53,1,34,51,0.5400000000000063
321,100.53,1,34,10,0.5400000000000063
322,100.53,2,27,10,0.5400000000000063
325,100.53,1,39,10,0.0799999999999983
325,100.45,3,26,54,0.0799999999999983
327,99.97,2,6,0,0.12000000000000455
331,99.97,1,6,29,1.4210854715202004e-14
332,99.97,1,6,36,1.4210854715202004e-14
332,99.99000000000001,3,39,32,1.4210854715202004e-14
332,100.11,1,39,54,0.12000000000000455
332,99.97,1,6,11,0.2400000000000091
332,99.96000000000001,3,52,11,0.2400000000000091
333,99.96000000000001,1,52,19,0.2400000000000091
333,99.92,1,8,19,0.2400000000000091
333,100.23,2,17,30,0.2400000000000091
333,99.92,1,8,45,0.4700000000000131
334,100.46000000000001,2,23,26,0.4700000000000131
334,100.47,1,23,17,0.480000000000004
334,100.47,1,23,26,0.480000000000004
334,100.47,2,41,26,0.480000000000004
334,100.53,1,41,10,0.5400000000000063
334,100.53,1,41,10,0.5400000000000063
335,99.92,2,8,35,0.5400000000000063
336,99.92,1,8,42,0.5400000000000063
336,99.83,3,5,42,0.5400000000000063
337,100.53,4,47,10,0.5400000000000063
337,99.83,1,5,37,0.5400000000000063
338,100.53,2,55,10,0.5400000000000063
340,99.98,2,22,32,-0.009999999999990905
341,99.98,1,60,32,-0.009999999999990905
341,100.44,1,60,17,0.45000000000000284
341,100.44,2,23,17,0.45000000000000284
341,100.51,2,23,8,0.5200000000000102
342,99.83,1,5,50,0.07000000000000739
342,99.8,3,5,50,0.07000000000000739
342,99.8,1,5,36,0.07000000000000739
342,99.8,4,6,14,0.07000000000000739
343,99.8,1,6,37,0.07000000000000739
346,100.06,1,48,52,0.07000000000000739
347,100.06,2,28,52,0.07000000000000739
347,99.79,2,54,20,0.07000000000000739
347,99.79,1,10,20,0.07000000000000739
347,99.79,1,10,11,0.07000000000000739
347,99.79,1,10,13,0.07000000000000739
348,100.06,1,16,52,0.07000000000000739
348,100.51,2,16,8,0.5200000000000102
350,99.79,2,10,14,0.010000000000005116
350,99.78,2,10,14,0.010000000000005116
353,100.0,1,28,52,0.010000000000005116
353,100.36,2,28,51,0.37000000000000455
354,99.78,3,10,45,0.5200000000000102
355,99.74000000000001,1,29,14,0.5200000000000102
355,99.73,3,5,14,0.5200000000000102
357,100.51,1,47,8,0.5200000000000102
357,100.53,1,47,10,0.5400000000000063
358,99.76,2,54,43,0.45000000000000284
358,99.76,1,54,11,0.45000000000000284
360,100.44,3,57,17,0.45000000000000284
362,100.44,1,46,17,0.45000000000000284
362,100.52,1,46,26,0.5300000000000011
363,100.52,2,44,26,0.5300000000000011
363,100.52,1,40,26,0.5300000000000011
363,100.53,2,40,10,0.5400000000000063
367,100.47,2,51,32,0.060000000000002274
367,100.47,2,51,20,0.060000000000002274
367,100.45,2,17,20,0.0799999999999983
367,100.53,2,33,12,0.28999999999999204
367,100.53,1,33,33,0.28999999999999204
367,100.53,2,0,33,0.28999999999999204
368,100.24000000000001,2,52,59,0.28999999999999204
368,100.06,1,54,59,0.46999999999999886
369,100.06,1,54,38,0.3100000000000023
372,100.37,2,28,30,0.3100000000000023
372,100.53,2,28,6,0.46999999999999886
373,100.06,1,54,29,0.46999999999999886
373,100.53,3,27,6,0.46999999999999886
373,100.06,1,54,50,0.480000000000004
375,99.81,1,32,13,-0.0799999999999983
375,99.76,1,54,13,-0.0799999999999983
375,99.73,1,5,13,-0.0799999999999983
375,99.91,2,34,32,-0.0799999999999983
375,100.41,2,34,17,0.4200000000000017
380,99.97,3,30,15,0.11000000000001364
380,100.02,1,48,17,0.030000000000001137
380,100.10000000000001,1,48,30,0.11000000000001364
381,100.10000000000001,2,33,30,0.11000000000001364
381,100.14,2,33,26,0.15000000000000568
382,100.14,2,60,26,0.15000000000000568
382,100.52,2,60,6,0.5300000000000011
382,99.97,1,30,12,0.5300000000000011
382,99.73,1,5,12,0.5300000000000011
382,99.73,2,8,12,0.5300000000000011
384,99.73,3,8,36,-0.05999999999998806
384,99.71000000000001,1,8,36,-0.05999999999998806
385,99.71000000000001,1,8,25,-0.05999999999998806
387,99.71000000000001,1,8,35,-0.05999999999998806
389,99.93,2,17,32,-0.05999999999998806
389,99.71000000000001,2,8,42,-0.05999999999998806
389,99.69,2,6,42,-0.05999999999998806
389,99.93,1,30,32,-0.05999999999998806
389,99.99000000000001,2,30,52,1.4210854715202004e-14
390,100.47,3,51,8,0.480000000000004
391,100.47,1,33,8,0.480000000000004
391,99.7,2,8,12,0.480000000000004
391,99.7,2,8,36,0.480000000000004
393,99.7,1,8,38,0.480000000000004
393,99.69,2,6,38,0.480000000000004
396,99.69,1,6,42,0.480000000000004
396,99.69,3,8,42,0.480000000000004
398,99.93,2,26,53,0.480000000000004
398,99.69,2,8,53,0.480000000000004
400,100.47,1,56,8,0.480000000000004
400,100.51,1,56,6,0.5200000000000102
400,99.69,3,8,12,0.4200000000000017
401,100.19,2,54,11,0.21999999999999886
401,100.41,2,17,30,0.21999999999999886
402,100.41,2,48,30,0.21999999999999886
403,100.19,2,54,0,0.3200000000000074
404,100.13,2,41,52,0.14000000000000057
404,100.51,2,41,6,0.5200000000000102
407,100.51,2,58,6,0.5200000000000102
408,100.46000000000001,1,17,37,0.05999999999998806
412,100.52,3,48,6,0.05999999999998806
414,100.46000000000001,2,17,12,0.05999999999998806
414,100.2,1,29,12,0.3199999999999932
414,99.94,1,6,12,0.5300000000000011
414,99.94,2,6,18,0.5300000000000011
414,100.36,2,16,30,0.37000000000000455
417,100.36,1,49,30,0.009999999999990905
417,100.52,1,49,8,0.1699999999999875
417,100.35000000000001,3,26,43,0.1699999999999875
418,100.35000000000001,1,26,52,0.1699999999999875
418,100.33,2,47,52,0.3400000000000034
418,100.52,1,47,8,0.5300000000000011
420,99.94,1,6,36,0.3400000000000034
421,99.94,1,6,20,0.3400000000000034
421,99.88,1,8,20,0.3400000000000034
423,99.88,4,8,45,0.3400000000000034
424,99.8,4,6,11,0.3400000000000034
425,100.33,3,60,30,0.3400000000000034
426,100.34,1,26,43,0.1799999999999926
426,99.8,1,6,43,0.5300000000000011
427,99.78,4,52,36,0.5300000000000011
428,100.46000000000001,3,17,30,0.05999999999998806
430,99.76,2,29,0,0.4100000000000108
430,99.75,2,10,20,0.05000000000001137
430,99.75,3,10,13,0.05000000000001137
430,99.74000000000001,1,8,13,0.05000000000001137
430,100.04,2,40,52,0.05000000000001137
431,100.4,1,17,30,0.4100000000000108
434,100.43,1,26,32,0.0899999999999892
434,99.74000000000001,2,8,32,0.5300000000000011
434,100.52,3,46,8,0.5300000000000011
434,100.54,1,46,34,0.5500000000000114
434,99.74000000000001,2,8,53,0.5500000000000114
435,99.69,2,8,15,0.5500000000000114
435,99.69,2,8,15,0.5500000000000114
436,99.85000000000001,1,51,30,-0.13999999999998636
438,100.54,2,27,34,0.060000000000002274
441,100.48,2,51,12,0.060000000000002274
442,100.46000000000001,2,26,32,0.0799999999999983
442,100.54,3,28,57,0.0799999999999983
444,100.54,1,47,57,0.0799999999999983
444,100.54,1,47,10,0.0799999999999983
445,100.54,1,26,10,0.0799999999999983
447,100.54,3,39,10,0.0799999999999983
448,100.54,3,22,8,0.0799999999999983
451,100.54,1,57,8,0.0799999999999983
451,100.54,1,26,8,0.0799999999999983
451,100.54,2,26,6,0.0799999999999983
452,100.54,3,39,6,0.0799999999999983
454,100.46000000000001,1,26,0,0.0799999999999983
454,100.31,1,29,0,0.23000000000000398
454,100.31,3,29,15,0.23000000000000398
455,99.96000000000001,2,30,32,0.5500000000000114
456,100.54,3,49,6,0.5500000000000114
456,99.88,3,6,24,0.5500000000000114
456,100.54,2,57,6,0.5500000000000114
460,99.88,2,6,35,0.020000000000010232
460,99.87,1,6,35,0.020000000000010232
461,99.87,2,6,13,-0.06999999999999318
462,99.92,3,57,29,-0.06999999999999318
463,100.01,3,34,52,0.020000000000010232
470,100.46000000000001,1,31,54,0.4700000000000131
471,100.24000000000001,4,54,30,0.21999999999999886
471,99.87,2,6,21,0.4700000000000131
471,99.87,1,6,21,0.4700000000000131
472,100.46000000000001,1,55,54,0.4700000000000131
472,100.55,3,55,8,0.5600000000000023
476,99.87,3,6,37,0.5600000000000023
477,100.55,2,60,8,0.5600000000000023
477,100.55,2,60,8,0.5600000000000023
477,99.87,1,6,20,0.5600000000000023
477,99.87,3,30,20,0.5600000000000023
477,99.87,1,30,19,0.5600000000000023
477,99.83,1,10,19,0.5600000000000023
479,100.55,2,0,8,0.5600000000000023
483,99.92,1,39,52,-0.06999999999999318
483,99.83,1,10,12,-0.06999999999999318
484,99.92,2,47,52,-0.06999999999999318
485,99.83,1,10,13,0.05000000000001137
485,99.83,2,10,42,0.05000000000001137
485,99.83,1,8,42,0.05000000000001137
485,99.83,2,8,20,0.05000000000001137
489,100.04,1,17,29,0.05000000000001137
490,99.83,2,8,32,0.05000000000001137
490,100.04,3,33,29,0.05000000000001137
492,100.44,1,28,26,0.45000000000000284
492,100.55,1,28,8,0.5600000000000023
492,100.55,1,28,8,0.5600000000000023
493,100.55,3,55,8,0.5600000000000023
494,99.81,1,8,50,0.5600000000000023
494,99.81,2,8,0,0.5600000000000023
495,99.81,2,8,15,0.5600000000000023
495,99.81,2,10,15,0.5600000000000023
497,100.55,1,26,8,0.5600000000000023
497,100.55,3,26,8,0.5600000000000023
500,99.81,3,10,11,0.5600000000000023
501,100.55,2,22,8,0.5600000000000023
501,100.55,1,22,8,0.5600000000000023
501,100.55,3,16,8,0.5600000000000023
503,100.55,1,31,8,0.5600000000000023
503,100.55,1,31,10,0.5600000000000023
504,100.55,3,34,10,0.5600000000000023
506,100.55,1,33,10,0.5600000000000023
507,99.8,1,8,38,-0.12999999999999545
509,99.8,1,8,37,-0.12999999999999545
509,99.86,1,28,52,-0.12999999999999545
510,99.86,2,54,52,-0.12999999999999545
510,99.86,1,60,52,-0.12999999999999545
512,100.45,4,56,8,0.46000000000000796
512,100.45,1,26,8,0.46000000000000796
512,100.55,2,26,10,0.5600000000000023
516,99.8,2,8,53,-0.009999999999990905
518,99.8,1,8,12,-0.009999999999990905
518,99.78,1,32,12,-0.009999999999990905
519,99.78,1,32,52,-0.009999999999990905
522,99.78,2,32,20,-0.009999999999990905
523,99.98,2,49,30,-0.009999999999990905
525,100.31,1,48,54,0.3200000000000074
525,100.48,1,48,17,0.4900000000000091
526,99.77,2,8,0,0.4900000000000091
527,100.48,2,23,17,0.4900000000000091
527,99.77,2,8,20,0.5000000000000142
528,99.77,1,8,53,0.5000000000000142
528,99.76,2,10,53,0.5000000000000142
528,99.87,2,30,50,0.5000000000000142
529,99.87,1,30,13,0.5000000000000142
529,99.76,3,10,13,0.5000000000000142
531,100.49000000000001,4,28,8,0.5000000000000142
532,99.74000000000001,2,30,32,0.5000000000000142
532,99.71000000000001,1,8,32,0.5000000000000142
534,99.71000000000001,2,8,42,0.5000000000000142
536,100.49000000000001,1,51,8,0.5000000000000142
536,100.52,2,51,8,0.5300000000000011
540,100.52,1,17,8,0.5300000000000011
540,99.74000000000001,1,8,13,0.5300000000000011
540,99.74000000000001,2,8,0,0.5300000000000011
540,100.52,2,23,8,0.5300000000000011
541,100.55,2,56,10,0.5600000000000023
545,100.55,1,48,10,0.5600000000000023
545,100.55,3,48,10,0.5600000000000023
545,99.91,2,30,29,-0.0799999999999983
545,99.74000000000001,1,8,36,-0.0799999999999983
546,99.91,1,49,29,-0.0799999999999983
546,100.55,1,49,10,0.5600000000000023
546,99.76,4,8,18,0.5600000000000023
547,99.76,1,8,45,0.5600000000000023
547,99.74000000000001,1,8,45,0.5600000000000023
549,99.71000000000001,1,8,12,0.5600000000000023
549,99.71000000000001,1,8,0,0.5600000000000023
549,99.7,1,5,0,0.5600000000000023
554,100.32000000000001,2,30,0,0.22999999999998977
557,100.55,1,54,10,0.22999999999998977
557,100.55,1,54,10,0.22999999999998977
557,100.55,4,22,10,0.22999999999998977
557,100.55,3,41,54,0.22999999999998977
558,100.55,2,46,10,0.22999999999998977
558,100.32000000000001,1,30,37,0.22999999999998977
558,99.83,1,8,37,0.5600000000000023
558,100.55,2,0,10,0.5600000000000023
561,100.55,1,40,10,0.11999999999999034
561,100.55,3,40,10,0.11999999999999034
562,100.43,4,30,42,0.11999999999999034
563,99.88,4,8,29,0.5600000000000023
563,100.55,2,27,10,0.5600000000000023
563,100.55,2,27,6,0.5600000000000023
564,100.55,2,34,6,0.5600000000000023
573,100.5,1,27,30,0.5100000000000051
573,100.55,1,27,6,0.5600000000000023
573,100.56,1,58,6,0.5700000000000074
573,99.88,1,8,52,0.5700000000000074
573,99.83,2,8,52,0.5700000000000074
573,99.83,2,8,25,0.5700000000000074
573,99.81,1,6,25,0.5700000000000074
574,100.56,2,60,6,0.5700000000000074
574,100.56,2,26,6,0.5700000000000074
574,100.56,1,33,57,0.5700000000000074
574,100.56,2,33,6,0.5700000000000074
575,99.81,4,6,59,0.5700000000000074
575,100.56,3,49,6,0.5700000000000074
575,100.56,1,49,34,0.5700000000000074
576,99.76,1,6,18,0.5700000000000074
576,99.76,4,6,52,0.5700000000000074
576,99.71000000000001,2,10,0,0.5700000000000074
578,100.56,2,46,34,0.5700000000000074
578,100.56,1,46,12,0.5700000000000074
578,100.56,1,46,51,0.5700000000000074
580,99.71000000000001,2,10,53,0.5700000000000074
582,99.71000000000001,1,10,0,0.5700000000000074
582,99.71000000000001,1,6,0,0.5700000000000074
583,100.56,2,44,51,0.5700000000000074
584,100.56,1,48,51,0.5700000000000074
587,100.56,1,55,8,0.5700000000000074
590,99.71000000000001,2,6,43,0.5700000000000074
590,99.71000000000001,2,6,19,0.5700000000000074
590,99.7,4,5,45,0.5700000000000074
591,100.56,3,40,8,0.5700000000000074
592,100.56,1,57,8,0.5700000000000074
592,100.56,3,57,6,0.5700000000000074
592,100.56,2,46,6,0.5700000000000074
592,100.56,2,46,8,0.5700000000000074
594,99.7,4,8,29,0.5700000000000074
596,100.56,1,17,8,0.5700000000000074
597,100.56,2,0,8,0.5700000000000074
598,99.7,1,8,25,0.5400000000000063
598,99.7,2,8,25,0.5400000000000063
599,100.53,3,60,30,0.5400000000000063
599,100.57000000000001,1,60,10,0.5800000000000125
601,99.7,1,8,32,0.5800000000000125
601,99.7,1,8,11,0.5800000000000125
602,100.57000000000001,1,34,10,0.5800000000000125
602,100.57000000000001,1,33,10,0.5800000000000125
603,100.57000000000001,2,28,10,0.5800000000000125
603,100.57000000000001,2,28,8,0.5800000000000125
606,100.37,2,31,30,0.38000000000000966
606,100.57000000000001,2,31,8,0.5800000000000125
606,100.57000000000001,1,26,8,0.5800000000000125
606,100.57000000000001,2,26,44,0.5800000000000125
606,99.7,1,8,45,0.5800000000000125
606,99.69,3,8,45,0.5800000000000125
607,99.69,3,5,53,0.5800000000000125
610,99.69,1,5,36,0.5800000000000125
611,99.69,1,5,32,0.5800000000000125
611,99.69,4,5,43,0.5800000000000125
614,99.69,1,5,59,0.5800000000000125
614,99.69,2,6,59,0.5800000000000125
614,99.69,3,6,12,0.5800000000000125
615,99.69,3,8,45,0.5800000000000125
615,100.57000000000001,4,44,51,0.5800000000000125
616,99.69,1,8,53,0.5800000000000125
618,100.57000000000001,1,56,51,0.5800000000000125
618,100.57000000000001,2,56,8,0.5800000000000125
623,100.57000000000001,3,27,8,0.25
625,100.58,1,60,8,0.2599999999999909
625,100.32000000000001,3,30,52,0.2599999999999909
625,99.78,1,8,52,0.5900000000000034
628,100.38,4,17,30,0.39000000000000057
628,99.78,1,8,53,0.5900000000000034
634,100.13,1,34,30,0.14000000000000057
634,100.58,1,34,8,0.5900000000000034
636,100.25,2,30,0,0.3299999999999983
637,100.58,3,22,8,0.3299999999999983
637,100.58,1,22,8,0.3299999999999983
639,100.25,1,30,32,0.3299999999999983
639,99.78,1,8,32,0.5900000000000034
642,100.58,1,60,8,0.36999999999999034
642,100.58,1,55,8,0.36999999999999034
643,100.58,1,51,8,0.36999999999999034
643,100.58,1,56,8,0.36999999999999034
643,100.59,1,56,57,0.37999999999999545
644,100.21000000000001,3,30,38,0.37999999999999545
644,100.59,4,47,5,0.37999999999999545
647,100.21000000000001,1,30,19,0.37999999999999545
647,99.8,3,8,19,0.6000000000000085
648,100.59,1,55,5,0.6000000000000085
648,100.59,2,55,8,0.6000000000000085
649,99.8,1,8,45,0.6000000000000085
652,100.55,3,58,30,0.5600000000000023
652,100.59,1,58,8,0.6000000000000085
653,100.59,2,56,8,0.6000000000000085
654,100.59,1,47,12,0.6000000000000085
654,100.59,1,47,54,0.6000000000000085
656,99.8,1,8,53,0.6100000000000136
656,99.78,1,8,53,0.6100000000000136
657,99.78,1,8,36,0.6100000000000136
657,99.77,3,6,36,0.6100000000000136
659,100.60000000000001,3,49,6,0.6100000000000136
659,100.60000000000001,1,49,41,0.6100000000000136
660,100.60000000000001,2,26,41,0.6100000000000136
660,100.60000000000001,2,26,28,0.6100000000000136
660,99.77,1,6,18,0.6100000000000136
661,99.77,1,6,52,0.6100000000000136
661,99.72,2,6,52,0.6100000000000136
662,100.60000000000001,1,34,28,0.6100000000000136
662,100.60000000000001,3,34,56,0.6100000000000136
664,100.60000000000001,1,47,56,0.6100000000000136
664,100.60000000000001,1,47,6,0.6100000000000136
664,100.60000000000001,1,44,6,0.6100000000000136
665,99.72,3,6,50,0.6100000000000136
665,99.7,4,8,43,0.6100000000000136
665,100.60000000000001,2,55,6,0.6100000000000136
666,100.60000000000001,1,16,6,0.6100000000000136
666,100.60000000000001,3,16,8,0.6100000000000136
666,100.60000000000001,1,17,8,0.6100000000000136
667,100.60000000000001,1,31,8,0.6100000000000136
667,100.60000000000001,1,31,8,0.6100000000000136
671,99.7,1,8,59,0.6100000000000136
671,99.69,1,8,59,0.6100000000000136
671,99.69,2,8,59,0.6100000000000136
672,99.69,3,8,20,0.6100000000000136
672,99.68,3,10,19,0.6100000000000136
674,100.60000000000001,4,23,8,0.6100000000000136
674,99.68,2,10,43,0.6100000000000136
674,99.68,2,5,43,0.6100000000000136
674,100.60000000000001,3,60,8,0.6100000000000136
680,99.69,2,8,0,0.6100000000000136
680,99.69,3,8,19,0.6100000000000136
681,100.60000000000001,2,34,8,0.6100000000000136
681,100.60000000000001,1,34,8,0.6100000000000136
683,100.18,1,57,30,0.19000000000001194
683,100.18,2,23,30,0.19000000000001194
684,99.69,1,8,42,0.19000000000001194
684,100.18,1,54,30,0.19000000000001194
685,100.60000000000001,4,58,8,0.2400000000000091
687,100.60000000000001,4,28,8,0.2400000000000091
688,100.36,1,54,12,0.2400000000000091
688,99.85000000000001,2,8,12,0.6100000000000136
690,100.60000000000001,1,60,8,0.6100000000000136
690,100.60000000000001,2,60,8,0.6100000000000136
691,100.10000000000001,2,0,30,0.11000000000001364
692,99.85000000000001,2,8,0,0.11000000000001364
693,99.85000000000001,1,8,20,0.11000000000001364
694,99.78,4,6,15,0.11000000000001364
695,100.10000000000001,2,26,30,0.11000000000001364
695,100.60000000000001,1,26,8,0.6100000000000136
695,100.60000000000001,1,31,8,0.6100000000000136
695,99.78,1,6,24,0.6100000000000136
701,100.60000000000001,1,23,8,0.6100000000000136
701,100.60000000000001,3,23,10,0.6100000000000136
701,100.60000000000001,2,40,10,0.6100000000000136
701,100.60000000000001,2,40,8,0.6100000000000136
705,99.77,1,8,13,0.6100000000000136
706,100.60000000000001,3,46,8,0.6100000000000136
706,99.77,4,8,35,0.5000000000000142
707,99.81,3,47,30,-0.1799999999999926
710,100.49000000000001,3,28,54,0.5000000000000142
710,99.74000000000001,3,8,52,0.5000000000000142
712,99.74000000000001,2,8,15,0.5000000000000142
712,99.74000000000001,2,30,15,0.5000000000000142
712,100.49000000000001,1,49,54,0.5000000000000142
712,100.60000000000001,1,49,51,0.6100000000000136
712,99.74000000000001,2,30,32,0.6100000000000136
713,100.60000000000001,1,41,51,0.6100000000000136
714,99.72,4,8,14,0.6100000000000136
714,99.72,1,8,45,0.6100000000000136
714,99.7,2,8,45,0.6100000000000136
715,100.60000000000001,1,54,51,0.6100000000000136
715,100.60000000000001,1,54,8,0.6100000000000136
715,100.60000000000001,2,31,8,0.6100000000000136
717,99.7,2,8,42,0.6100000000000136
717,99.7,1,8,24,0.6100000000000136
717,99.69,2,8,12,0.6100000000000136
718,100.60000000000001,2,33,8,0.6100000000000136
720,100.5,2,26,51,0.5100000000000051
721,100.5,2,51,51,0.5100000000000051
722,100.5,1,51,11,0.10000000000000853
722,99.69,2,8,11,0.6100000000000136
722,99.68,1,5,11,0.6100000000000136
722,99.68,2,5,12,0.6100000000000136
722,99.68,1,6,12,0.6100000000000136
723,99.68,2,6,18,0.6100000000000136
723,99.68,2,6,52,0.6100000000000136
723,99.68,2,5,52,0.6100000000000136
723,99.68,2,5,0,0.6100000000000136
727,100.60000000000001,4,31,54,0.6100000000000136
729,99.68,1,5,24,0.6100000000000136
731,100.19,2,54,50,0.4100000000000108
731,99.68,1,32,50,0.6100000000000136
732,100.11,2,30,38,0.4900000000000091
732,99.68,2,8,38,0.6100000000000136
733,99.68,3,8,14,0.6100000000000136
733,99.67,1,8,14,0.6100000000000136
736,100.60000000000001,1,41,6,0.6100000000000136
736,99.67,1,8,14,0.6100000000000136
737,100.60000000000001,4,49,6,0.6100000000000136
739,100.48,1,54,13,0.12000000000000455
739,99.67,2,37,13,0.6100000000000136
739,100.60000000000001,3,60,10,0.6100000000000136
739,99.67,1,10,24,0.6100000000000136
740,100.60000000000001,1,31,10,0.6100000000000136
741,100.60000000000001,1,28,10,0.6100000000000136
741,100.60000000000001,3,28,51,0.6100000000000136
741,100.61,4,33,6,0.6200000000000045
742,99.67,1,10,42,0.010000000000005116
743,99.67,3,10,52,0.010000000000005116
743,99.67,1,10,52,0.010000000000005116
744,99.67,4,10,53,0.010000000000005116
745,99.67,2,29,36,0.010000000000005116
745,99.67,2,8,0,0.010000000000005116
747,99.67,1,8,19,0.010000000000005116
748,100.0,1,47,30,0.010000000000005116
749,100.05,4,48,51,0.060000000000002274
750,100.18,1,55,54,0.19000000000001194
750,100.61,1,55,6,0.6200000000000045
750,100.61,2,55,10,0.6200000000000045
751,100.61,1,22,10,0.6200000000000045
752,99.67,2,8,53,0.6200000000000045
752,99.67,1,8,53,0.6200000000000045
753,99.67,1,8,52,0.6200000000000045
756,100.61,1,55,10,0.6200000000000045
757,100.61,1,27,10,0.6200000000000045
759,100.61,3,41,10,0.6200000000000045
765,100.31,1,51,20,0.29999999999999716
765,99.9,2,30,20,0.6200000000000045
765,99.9,1,30,19,0.6200000000000045
766,99.76,3,6,53,0.6200000000000045
766,100.61,2,41,10,0.6200000000000045
773,100.61,3,26,10,0.6200000000000045
773,99.76,2,6,12,0.6200000000000045
773,99.67,2,8,12,0.6200000000000045
775,100.61,1,39,10,0.6200000000000045
775,100.61,1,16,10,0.6200000000000045
775,100.61,3,16,10,0.6200000000000045
775,100.61,2,17,10,0.6200000000000045
778,100.61,4,56,10,0.6200000000000045
779,99.67,1,8,13,0.6200000000000045
780,100.61,1,27,10,0.37999999999999545
780,100.61,2,27,10,0.37999999999999545
782,100.61,3,40,10,0.37999999999999545
782,100.61,1,28,10,0.37999999999999545
783,100.23,3,30,53,0.37999999999999545
783,100.61,1,41,10,0.37999999999999545
786,100.23,1,30,11,0.37999999999999545
787,99.67,4,8,59,0.6200000000000045
790,100.3,2,23,30,0.3100000000000023
792,100.3,1,31,30,0.04999999999999716
792,100.61,2,31,10,0.35999999999999943
795,100.61,1,34,10,0.35999999999999943
795,100.61,1,34,10,0.35999999999999943
796,100.61,2,49,10,0.35999999999999943
798,100.61,2,48,10,0.060000000000002274
798,100.61,2,48,10,0.060000000000002274
798,100.55,3,54,20,0.060000000000002274
799,100.61,2,27,10,0.060000000000002274
799,100.61,1,23,10,0.060000000000002274
799,100.61,1,23,39,0.060000000000002274
799,100.55,1,54,53,0.060000000000002274
799,100.25,3,30,42,0.35999999999999943
799,99.68,1,6,42,0.6200000000000045
801,99.68,1,6,43,0.6200000000000045
801,99.68,3,6,12,0.6200000000000045
801,99.67,1,8,12,0.6200000000000045
803,99.67,4,8,13,0.6200000000000045
804,99.67,1,8,50,0.6200000000000045
804,99.67,2,6,50,0.6200000000000045
805,100.61,1,33,39,0.6200000000000045
808,100.61,2,39,39,0.6200000000000045
809,99.67,2,6,14,0.6200000000000045
809,100.61,4,16,30,0.6200000000000045
811,99.67,1,6,38,0.12000000000000455
812,100.11,1,41,30,0.12000000000000455
812,100.61,2,41,8,0.6200000000000045
812,100.61,3,17,8,0.6200000000000045
812,100.62,1,17,6,0.6300000000000097
813,99.66,2,6,15,0.6300000000000097
813,100.62,3,55,6,0.6300000000000097
813,100.62,1,46,6,0.6300000000000097
813,100.62,1,46,6,0.6300000000000097
814,99.66,3,6,50,0.6300000000000097
814,99.66,1,6,50,0.6300000000000097
815,100.62,2,16,6,0.6300000000000097
816,99.66,1,6,19,0.6300000000000097
820,100.03,4,30,53,0.3100000000000023
820,100.34,4,54,51,0.3500000000000085
821,100.62,1,56,6,0.6300000000000097
822,100.62,1,40,6,0.6300000000000097
822,100.62,3,40,6,0.6300000000000097
825,100.29,1,58,30,0.30000000000001137
829,99.66,3,6,18,0.6300000000000097
831,100.62,1,23,6,0.6300000000000097
833,99.66,3,10,53,0.6300000000000097
833,99.66,2,10,13,0.6300000000000097
834,100.62,1,34,6,0.6300000000000097
834,99.66,2,5,59,0.6300000000000097
834,99.66,3,5,24,0.6300000000000097
834,99.65,1,8,24,0.6300000000000097
836,100.62,1,49,6,0.6300000000000097
836,99.65,3,8,53,0.6300000000000097
837,100.62,3,31,6,0.6300000000000097
838,99.65,1,8,52,0.6300000000000097
838,99.65,2,8,52,0.6300000000000097
840,99.65,3,8,24,0.6300000000000097
840,100.62,1,57,6,0.6300000000000097
840,100.62,2,57,6,0.6300000000000097
843,99.65,1,8,50,0.6300000000000097
843,99.65,3,8,11,0.6300000000000097
844,99.65,1,8,36,0.6300000000000097
845,99.65,4,8,19,0.6300000000000097
846,100.62,2,0,6,0.6300000000000097
847,99.65,1,8,0,0.6300000000000097
847,99.65,1,6,0,0.6300000000000097
849,100.43,2,23,30,0.44000000000001194
849,99.65,3,6,20,0.44000000000001194
851,100.43,2,34,30,0.4200000000000017
851,100.62,1,56,6,0.6099999999999994
851,100.62,1,56,6,0.6099999999999994
853,100.01,3,51,43,0.6099999999999994
856,100.62,3,27,6,0.6099999999999994
857,100.62,1,0,6,0.37999999999999545
857,100.62,1,0,6,0.37999999999999545
859,100.62,4,33,6,0.37999999999999545
859,100.24000000000001,1,51,59,0.37999999999999545
859,100.01,1,51,59,0.6099999999999994
859,99.65,1,6,59,0.6300000000000097
860,100.62,4,56,6,0.6300000000000097
862,100.49000000000001,2,51,52,0.12999999999999545
862,99.66,2,6,52,0.6300000000000097
863,99.66,3,6,36,0.6300000000000097
863,100.04,2,30,14,0.5799999999999983
864,100.04,1,30,42,0.5799999999999983
864,99.65,3,6,42,0.6300000000000097
866,100.62,1,26,6,0.6300000000000097
866,100.62,1,26,6,0.6300000000000097
867,99.65,2,6,59,0.6300000000000097
867,100.62,3,40,6,0.6300000000000097
869,100.62,1,28,6,0.6300000000000097
869,100.62,3,40,6,0.6300000000000097
871,100.62,2,26,6,0.6300000000000097
871,100.62,1,16,30,0.6300000000000097
871,100.62,2,16,10,0.6300000000000097
872,100.62,2,60,10,0.6300000000000097
874,100.62,1,39,10,0.6300000000000097
875,99.71000000000001,1,6,14,0.6300000000000097
881,99.99000000000001,1,40,30,1.4210854715202004e-14
881,100.22,3,40,51,0.23000000000000398
881,99.71000000000001,2,6,0,0.2400000000000091
883,99.71000000000001,1,6,59,0.2400000000000091
885,99.71000000000001,1,6,36,0.2400000000000091
885,99.69,2,6,36,0.2400000000000091
887,99.69,2,6,14,0.2400000000000091
889,100.03,4,51,35,0.20000000000000284
892,100.23,2,39,30,0.23999999999999488
895,99.99000000000001,1,30,52,0.23999999999999488
895,99.69,1,6,52,0.2400000000000091
895,99.65,3,6,13,0.2400000000000091
896,99.65,2,6,42,0.2400000000000091
896,99.65,1,6,42,0.2400000000000091
897,99.65,3,6,59,0.2400000000000091
900,99.65,1,6,0,0.2400000000000091
900,99.64,1,11,0,0.2400000000000091
900,100.23,1,55,30,0.2400000000000091
901,99.64,1,11,42,0.480000000000004
901,99.64,1,8,42,0.480000000000004
902,100.47,2,54,51,0.480000000000004
904,100.10000000000001,1,17,30,0.11000000000001364
904,100.62,1,17,26,0.6300000000000097
904,100.62,3,57,26,0.6300000000000097
904,100.62,1,57,6,0.6300000000000097
904,99.64,4,8,45,0.6300000000000097
905,99.64,2,8,0,0.6300000000000097
906,99.64,2,8,12,0.6300000000000097
908,100.62,2,0,6,0.6300000000000097
909,100.62,2,44,6,0.6300000000000097
909,100.62,2,44,6,0.6300000000000097
909,99.64,1,8,36,0.6300000000000097
910,99.64,4,6,25,0.6300000000000097
913,100.39,4,51,52,0.23000000000000398
913,100.33,3,60,30,0.3400000000000034
913,100.62,1,60,6,0.6300000000000097
913,99.64,1,6,12,0.6300000000000097
913,99.64,1,8,12,0.6300000000000097
915,100.62,2,46,6,0.6300000000000097
915,99.64,1,8,42,0.6300000000000097
915,99.64,1,8,14,0.6300000000000097
916,100.62,2,41,8,0.6300000000000097
916,99.64,2,8,18,0.6300000000000097
916,99.64,1,8,18,0.6300000000000097
916,99.64,4,8,20,0.6300000000000097
918,100.62,2,23,8,0.6300000000000097
918,99.64,3,6,32,0.6300000000000097
920,100.62,1,31,8,0.6300000000000097
921,100.62,1,33,17,0.6300000000000097
923,99.64,2,6,36,0.6300000000000097
923,100.62,3,39,8,0.6300000000000097
924,100.62,2,47,8,0.6300000000000097
924,100.62,2,47,54,0.6300000000000097
924,99.64,1,52,32,0.6400000000000006
924,99.64,3,6,32,0.6400000000000006
925,99.64,1,6,42,0.6400000000000006
925,99.79,2,30,24,0.6400000000000006
927,99.79,1,30,50,0.6400000000000006
927,100.63,4,57,10,0.6400000000000006
928,99.64,1,6,25,0.6400000000000006
928,99.64,1,6,25,0.6400000000000006
929,100.63,1,23,10,0.6400000000000006
929,100.63,2,23,12,0.6400000000000006
930,100.63,2,46,12,0.6400000000000006
931,100.63,3,60,10,0.6400000000000006
932,100.63,2,0,10,0.6400000000000006
932,100.63,3,40,8,0.6400000000000006
932,100.63,2,51,8,0.6400000000000006
933,100.63,3,23,10,0.6400000000000006
934,99.64,2,6,29,0.6400000000000006
935,99.64,1,6,21,0.6400000000000006
937,100.63,1,28,10,0.6400000000000006
937,100.63,1,49,10,0.6400000000000006
937,100.63,1,49,10,0.6400000000000006
937,99.64,1,6,32,0.6400000000000006
937,100.63,3,26,10,0.6400000000000006
940,99.64,3,8,38,0.6400000000000006
940,99.64,1,8,12,0.6400000000000006
942,99.64,1,8,53,0.6400000000000006
942,99.64,3,10,53,0.6400000000000006
942,100.02,1,30,21,0.6099999999999994
943,100.02,2,30,15,0.6099999999999994
944,99.64,2,10,59,0.6400000000000006
944,99.63,2,8,59,0.6400000000000006
945,99.63,3,8,14,0.6400000000000006
945,99.63,1,8,14,0.6400000000000006
946,100.63,1,49,10,0.6400000000000006
946,100.63,3,49,8,0.6400000000000006
949,100.25,3,60,30,0.2600000000000051
949,100.63,1,60,8,0.6400000000000006
951,100.63,1,51,8,0.6400000000000006
951,100.63,2,51,10,0.6400000000000006
951,100.63,3,28,10,0.6400000000000006
952,99.63,3,8,13,0.6400000000000006
953,100.63,3,31,8,0.6400000000000006
954,100.63,1,22,8,0.6400000000000006
954,100.63,1,27,8,0.6400000000000006
955,100.63,1,56,17,0.6400000000000006
955,100.63,2,56,39,0.6400000000000006
956,100.64,1,54,49,0.6500000000000057
957,99.63,1,8,24,0.6500000000000057
957,99.63,3,6,24,0.6500000000000057
957,100.64,1,47,49,0.6500000000000057
957,100.64,1,47,34,0.6500000000000057
957,100.64,1,47,10,0.6500000000000057
957,99.63,2,6,35,0.6500000000000057
959,100.64,3,26,10,0.6500000000000057
959,100.64,1,56,10,0.6500000000000057
959,100.64,2,56,8,0.6500000000000057
959,100.64,2,34,8,0.6500000000000057
961,99.63,4,6,59,0.6500000000000057
961,100.64,1,47,8,0.6500000000000057
961,100.64,3,47,6,0.6500000000000057
963,99.63,1,6,24,0.6500000000000057
963,99.63,3,6,24,0.6500000000000057
965,100.64,2,54,6,0.6500000000000057
965,100.65,2,54,6,0.6600000000000108
970,100.65,3,57,6,0.6600000000000108
970,100.65,3,47,10,0.6600000000000108
970,100.65,2,46,10,0.6600000000000108
971,100.65,4,16,8,0.6600000000000108
975,99.92,2,30,42,0.6600000000000108
976,99.92,1,30,20,0.6600000000000108
976,99.63,2,6,20,0.6600000000000108
976,99.63,1,6,20,0.6600000000000108
976,100.65,1,41,8,0.6600000000000108
976,100.65,2,41,34,0.6600000000000108
976,100.65,1,51,5,0.6600000000000108
977,100.65,1,31,5,0.6600000000000108
978,100.65,2,0,5,0.6600000000000108
979,100.65,1,56,5,0.6600000000000108
980,99.63,1,6,43,0.6600000000000108
982,99.63,1,6,14,0.18000000000000682
983,100.17,2,0,30,0.18000000000000682
983,99.63,2,6,36,0.18000000000000682
983,99.63,1,6,36,0.18000000000000682
986,100.17,1,17,30,0.18000000000000682
986,99.63,1,6,29,0.6500000000000057
989,100.64,3,57,51,0.6500000000000057
990,100.64,1,54,51,0.6500000000000057
992,100.65,3,39,8,0.6600000000000108
993,100.65,2,16,8,0.6600000000000108
999,99.92,2,30,15,0.6600000000000108
999,99.63,2,6,15,0.6600000000000108
999,100.65,3,57,8,0.6600000000000108
999,100.65,2,48,8,0.6600000000000108
999,100.65,2,48,8,0.6600000000000108
1000,100.65,3,58,8,0.6600000000000108
1000,100.65,1,58,8,0.6600000000000108
1000,100.65,2,41,8,0.6600000000000108
1001,100.65,1,34,8,0.6600000000000108
1002,100.65,1,46,8,0.6600000000000108
1002,100.65,1,46,8,0.6600000000000108
1005,100.65,2,22,8,0.6600000000000108
1006,99.63,1,6,52,0.6600000000000108
1006,99.63,4,6,38,0.6600000000000108
1007,99.63,1,6,29,0.6600000000000108
1007,99.63,1,8,45,0.6600000000000108
1008,99.63,1,8,53,0.6600000000000108
1012,100.16,2,0,30,0.1700000000000017
1012,100.16,1,23,30,0.1700000000000017
1012,100.65,2,23,8,0.6600000000000108
1013,100.65,2,46,8,0.6600000000000108
1014,100.65,2,31,8,0.6600000000000108
1014,100.65,1,58,8,0.6600000000000108
1014,100.65,1,58,8,0.6600000000000108
1015,99.63,3,8,36,0.6600000000000108
1015,99.63,1,8,36,0.6600000000000108
1015,99.63,3,8,50,0.6600000000000108
1015,99.63,1,8,24,0.6600000000000108
1015,99.62,3,10,24,0.6600000000000108
1015,99.62,2,10,12,0.6600000000000108
1017,99.62,4,10,42,-0.1599999999999966
1018,99.83,1,46,30,-0.1599999999999966
1019,99.83,1,47,30,-0.1599999999999966
1019,100.65,3,47,8,0.6600000000000108
1020,99.62,1,10,14,0.6600000000000108
1020,99.62,1,10,14,0.6600000000000108
1020,100.65,1,27,8,0.6600000000000108
1020,100.65,1,27,8,0.6600000000000108
1021,100.62,3,26,51,0.6300000000000097
1021,100.65,1,26,8,0.6600000000000108
1022,100.65,3,41,8,0.6600000000000108
1022,99.62,2,10,13,0.6600000000000108
1023,99.62,2,10,20,0.6600000000000108
1023,99.62,1,11,20,0.6600000000000108
1024,99.62,3,11,59,0.6600000000000108
1024,99.62,1,6,59,0.6600000000000108
1030,99.86,3,56,30,-0.12999999999999545
1030,100.65,1,56,8,0.6600000000000108
1031,99.62,1,6,19,0.6600000000000108
1031,99.62,1,6,42,0.6600000000000108
1032,99.62,1,6,13,0.6600000000000108
1035,100.65,2,39,8,0.6600000000000108
1037,99.75,3,16,30,-0.23999999999999488
1038,99.75,1,33,30,-0.23999999999999488
1038,100.65,2,33,8,0.6600000000000108
1039,99.62,1,6,24,0.6600000000000108
1039,99.62,2,8,24,0.6600000000000108
1039,99.62,3,8,50,0.6600000000000108
1039,99.62,1,8,50,0.6600000000000108
1040,99.62,3,8,42,0.6600000000000108
1040,100.65,4,23,10,0.6600000000000108
1041,100.65,1,48,10,0.6600000000000108
1041,100.65,2,48,22,0.6600000000000108
1041,99.62,1,8,35,0.6600000000000108
1041,99.62,2,6,35,0.6600000000000108
1041,99.62,3,6,43,0.6600000000000108
1042,100.65,2,55,22,0.6600000000000108
1042,100.65,1,55,5,0.6600000000000108
1046,100.65,4,34,5,0.6600000000000108
1047,99.62,1,6,42,0.6600000000000108
1048,100.65,4,46,6,0.6600000000000108
1048,100.65,1,49,6,0.6600000000000108
1048,99.62,2,6,0,0.6600000000000108
1048,100.65,4,26,8,0.6600000000000108
1051,100.65,1,17,8,0.6600000000000108
1051,100.65,1,17,8,0.6600000000000108
1052,100.65,2,0,8,0.6600000000000108
1052,99.62,2,6,15,0.6600000000000108
1054,100.65,1,28,8,0.6600000000000108
1058,99.62,2,32,11,0.6600000000000108
1058,99.62,2,10,11,0.6600000000000108
1059,100.65,1,22,8,0.6600000000000108
1059,100.65,2,22,54,0.6600000000000108
1059,100.66,1,22,40,0.6700000000000017
1060,100.66,2,0,40,0.6700000000000017
1060,100.66,1,26,40,0.6700000000000017
1060,100.66,3,26,8,0.6700000000000017
1061,100.66,2,47,8,0.6700000000000017
1063,100.66,4,56,8,0.6700000000000017
1064,99.62,3,10,43,0.6700000000000017
1067,100.66,1,41,8,0.6700000000000017
1067,100.66,3,41,6,0.6700000000000017
1067,100.66,2,26,6,0.6700000000000017
1068,100.66,1,31,6,0.6700000000000017
1070,99.66,2,8,20,0.6400000000000006
1071,99.66,1,8,32,0.6400000000000006
1072,100.63,3,56,51,0.6400000000000006
1072,100.66,1,56,6,0.6700000000000017
1073,99.66,2,8,30,0.6700000000000017
1073,99.66,1,8,30,0.6700000000000017
1076,100.66,3,26,6,0.6700000000000017
1076,100.66,1,26,51,0.6700000000000017
1077,99.66,2,8,50,0.6700000000000017
1079,99.66,1,8,24,0.6700000000000017
1080,99.66,1,8,14,0.6700000000000017
1080,99.62,2,8,14,0.6700000000000017
1081,99.62,2,8,0,0.6700000000000017
1081,99.62,1,8,35,0.6700000000000017
1081,99.62,3,6,35,0.6700000000000017
1082,100.66,2,17,51,0.6700000000000017
1083,99.62,2,6,42,0.6800000000000068
1083,99.62,2,8,42,0.6800000000000068
1085,99.62,1,8,19,0.6800000000000068
1087,100.26,1,39,51,0.27000000000001023
1087,100.67,1,39,5,0.6800000000000068
1088,100.67,2,26,5,0.6800000000000068
1090,100.67,2,22,5,0.6800000000000068
1091,99.62,2,8,25,0.6800000000000068
1092,100.67,2,0,5,0.6800000000000068
1092,100.67,3,54,5,0.6800000000000068
1092,100.67,1,54,27,0.6800000000000068
1093,99.62,1,8,21,0.6800000000000068
1095,99.62,4,8,35,0.6800000000000068
1098,100.67,1,40,6,0.6800000000000068
1099,99.62,4,6,50,0.2500000000000142
1100,100.24000000000001,2,39,51,0.2500000000000142
1104,99.62,1,6,42,0.2500000000000142
1104,99.62,3,6,42,0.2500000000000142
1104,99.89,1,28,51,-0.09999999999999432
1106,99.89,1,26,51,-0.09999999999999432
1107,99.62,2,6,59,0.2500000000000142
1107,99.62,2,6,59,0.2500000000000142
1107,100.24000000000001,1,49,51,0.2500000000000142
1107,100.67,3,49,6,0.6800000000000068
1109,100.67,1,60,6,0.6800000000000068
1109,100.67,1,60,8,0.6800000000000068
1110,100.67,1,58,8,0.6800000000000068
1110,100.67,3,40,8,0.6800000000000068
1111,99.62,1,6,32,0.6800000000000068
1112,99.62,1,6,11,0.6800000000000068
1113,100.67,1,57,6,0.6800000000000068
1114,100.67,1,31,6,0.6800000000000068
1117,99.62,1,6,15,0.6800000000000068
1117,99.61,1,10,15,0.6800000000000068
1119,100.67,1,49,6,0.6800000000000068
1121,99.61,1,10,50,0.6800000000000068
1121,99.61,2,10,36,0.6800000000000068
1121,100.67,2,60,6,0.6800000000000068
1122,99.61,1,10,18,0.6800000000000068
1122,99.61,3,6,18,0.6800000000000068
1123,100.67,1,56,6,0.6800000000000068
1125,100.67,4,26,6,0.6800000000000068
1125,99.61,2,6,36,0.6800000000000068
1125,99.61,1,6,36,0.6800000000000068
1127,99.61,1,6,30,0.6800000000000068
1128,99.61,2,6,19,0.6800000000000068
1130,100.67,1,39,6,0.6800000000000068
1132,100.67,1,57,6,0.6800000000000068
1133,99.61,1,6,20,0.6800000000000068
1133,99.61,1,8,20,0.6800000000000068
1136,100.67,2,46,6,0.6800000000000068
1138,100.67,1,48,6,0.6800000000000068
1138,100.67,1,48,5,0.6800000000000068
1138,100.67,3,44,5,0.6800000000000068
1139,100.67,1,49,5,0.6800000000000068
1139,100.68,2,49,8,0.6900000000000119
1140,100.68,2,33,8,0.6900000000000119
1144,99.93,1,51,14,0.6900000000000119
1144,99.93,2,51,30,0.6900000000000119
1144,99.61,1,8,30,0.6900000000000119
1144,100.68,1,26,8,0.6900000000000119
1144,100.68,1,26,17,0.6900000000000119
1145,100.68,1,27,17,0.6900000000000119
1145,100.68,2,27,10,0.6900000000000119
1146,100.68,2,34,10,0.6900000000000119
1146,100.68,1,48,10,0.6900000000000119
1146,100.68,3,48,6,0.6900000000000119
1148,100.68,1,23,6,0.6900000000000119
1151,99.61,1,8,12,0.6900000000000119
1152,100.68,1,58,6,0.6900000000000119
1152,100.68,3,58,6,0.6900000000000119
1153,99.61,2,8,42,0.6900000000000119
1153,99.61,1,30,42,0.6900000000000119
1155,99.61,1,30,32,0.6900000000000119
1156,99.61,3,10,53,0.6900000000000119
1156,99.61,2,10,50,0.6900000000000119
1156,99.61,1,29,50,0.6900000000000119
1156,99.61,1,5,50,0.6900000000000119
1160,100.68,2,60,6,0.6900000000000119
1161,100.68,1,33,6,0.6900000000000119
1164,100.68,2,39,6,0.6900000000000119
1166,100.11,2,48,51,0.12000000000000455
1169,100.11,1,33,51,0.12000000000000455
1169,100.68,2,33,6,0.6900000000000119
1169,100.68,1,33,6,0.6900000000000119
1170,99.61,2,5,24,0.6900000000000119
1173,100.68,1,57,6,0.6900000000000119
1174,100.68,2,27,6,0.6900000000000119
1180,99.98,3,23,51,-0.009999999999990905
1181,100.68,1,60,6,0.6900000000000119
1181,99.61,1,5,14,0.6900000000000119
1181,99.61,1,5,21,0.6900000000000119
1181,99.61,1,8,21,0.6900000000000119
1184,100.68,3,17,6,0.6900000000000119
1186,99.97,2,51,24,0.6900000000000119
1186,99.61,2,8,24,0.6900000000000119
1187,99.61,1,8,12,0.6900000000000119
1187,99.61,1,8,19,0.6900000000000119
1189,99.61,1,6,53,0.6900000000000119
1190,99.61,4,6,14,0.6900000000000119
1190,100.68,2,60,6,0.6900000000000119
1193,99.61,3,6,19,0.6900000000000119
1193,100.68,1,57,10,0.6900000000000119
1197,100.68,4,44,10,0.6900000000000119
1200,99.95,1,51,50,0.6900000000000119
1201,100.68,3,26,6,0.6900000000000119
1203,99.61,2,6,35,0.6900000000000119
1204,100.68,2,16,6,0.6900000000000119
1205,100.68,2,23,6,0.6900000000000119
1206,99.61,4,8,52,0.6900000000000119
1206,99.61,1,8,11,0.6900000000000119
1206,99.61,2,6,11,0.6900000000000119
1209,100.68,3,40,6,0.6900000000000119
1209,100.68,1,40,6,0.6900000000000119
1211,100.68,2,41,6,0.6900000000000119
1211,99.61,2,6,15,0.6900000000000119
1213,99.61,1,6,0,0.6900000000000119
1213,99.61,1,6,0,0.6900000000000119
1213,99.61,2,6,12,0.6900000000000119
1214,100.68,1,46,6,0.6900000000000119
1214,100.68,1,22,6,0.6900000000000119
1214,100.68,2,22,51,0.6900000000000119
1214,100.68,1,22,10,0.6900000000000119
1215,99.61,2,6,25,0.6900000000000119
1215,99.61,1,8,25,0.6900000000000119
1216,100.68,3,58,10,0.6900000000000119
1216,100.68,1,33,10,0.6900000000000119
1216,100.69,1,33,6,0.7000000000000028
1217,99.61,1,8,13,0.7000000000000028
1218,99.61,3,8,42,0.7000000000000028
1218,99.61,1,8,42,0.7000000000000028
1224,99.72,3,51,42,0.7000000000000028
1225,99.72,1,51,11,0.7000000000000028
1225,99.61,3,8,11,0.7000000000000028
1225,100.69,1,57,6,0.7000000000000028
1227,100.69,3,28,6,0.7000000000000028
1228,100.69,4,33,6,0.7000000000000028
1229,99.61,1,8,12,0.7000000000000028
1229,99.61,3,8,12,0.7000000000000028
1230,99.61,1,8,45,0.7000000000000028
1230,100.69,1,41,6,0.7000000000000028
1230,100.69,1,41,5,0.7000000000000028
1233,100.69,3,22,5,0.7000000000000028
1233,100.69,1,0,5,0.7000000000000028
1233,100.69,1,0,10,0.7000000000000028
1234,99.61,1,8,12,0.7000000000000028
1234,99.60000000000001,2,10,12,0.7000000000000028
1235,100.69,2,54,10,0.7000000000000028
1235,99.60000000000001,1,10,50,0.7000000000000028
1236,100.69,2,28,10,0.7000000000000028
1236,100.69,1,28,6,0.7000000000000028
1238,99.60000000000001,4,8,32,0.7000000000000028
1238,99.60000000000001,1,8,30,0.7000000000000028
1240,100.69,2,0,6,0.7000000000000028
1241,100.69,2,17,6,0.7000000000000028
1241,100.69,2,17,6,0.7000000000000028
1241,100.69,2,49,6,0.4099999999999966
1247,100.69,1,48,6,0.4099999999999966
1247,100.69,1,48,10,0.4099999999999966
1247,100.69,4,56,10,0.4099999999999966
1247,100.28,2,51,53,0.4099999999999966
1253,100.28,1,51,59,0.4099999999999966
1257,100.28,1,51,25,0.4099999999999966
1257,99.68,2,6,25,0.7000000000000028
1258,99.68,2,6,43,0.7000000000000028
1259,100.69,1,34,10,0.7000000000000028
1260,100.69,1,26,10,0.7000000000000028
1262,99.68,1,6,24,0.7000000000000028
1263,99.68,4,6,37,0.7000000000000028
1263,100.69,3,49,10,0.7000000000000028
1263,100.69,1,49,54,0.7000000000000028
1264,100.69,2,33,54,0.7000000000000028
1264,100.7,2,33,46,0.710000000000008
1265,99.68,1,6,52,0.710000000000008
1265,99.67,2,5,52,0.710000000000008
1267,99.67,3,5,59,0.710000000000008
1269,99.67,3,6,12,0.710000000000008
1270,100.7,1,31,46,0.710000000000008
1270,100.7,2,31,23,0.710000000000008
1272,100.34,2,27,51,0.3500000000000085
1272,99.67,1,6,53,0.3500000000000085
1273,99.67,1,6,30,0.3500000000000085
1273,99.67,2,5,30,0.3500000000000085
1274,99.67,3,5,37,0.3500000000000085
1274,99.67,1,5,37,0.3500000000000085
1275,99.67,2,5,45,0.3500000000000085
1276,100.34,1,56,51,0.3500000000000085
1276,100.7,1,56,23,0.710000000000008
1276,100.7,2,56,44,0.710000000000008
1280,99.67,2,5,45,0.710000000000008
1280,99.60000000000001,1,5,45,0.710000000000008
1281,100.7,2,28,28,0.710000000000008
1281,100.7,2,28,8,0.710000000000008
1281,100.7,2,31,8,0.710000000000008
1283,99.60000000000001,4,5,12,0.710000000000008
1283,100.7,1,46,8,0.710000000000008
1284,100.7,1,39,10,0.710000000000008
1284,99.60000000000001,2,8,36,0.710000000000008
1285,100.7,4,33,10,0.710000000000008
1287,100.7,3,17,10,0.710000000000008
1287,99.60000000000001,2,8,45,0.710000000000008
1287,100.7,1,55,10,0.710000000000008
1288,99.60000000000001,1,8,30,0.710000000000008
1288,99.60000000000001,3,10,30,0.710000000000008
1289,99.60000000000001,2,10,24,0.2400000000000091
1294,99.60000000000001,2,10,12,0.2400000000000091
1294,99.60000000000001,3,10,29,0.2400000000000091
1295,100.23,2,0,51,0.2400000000000091
1295,99.60000000000001,2,10,30,0.2400000000000091
1296,100.23,1,0,51,0.2400000000000091
1296,100.7,1,0,10,0.710000000000008
1299,99.60000000000001,3,10,36,0.710000000000008
1300,99.60000000000001,2,8,59,0.710000000000008
1301,99.60000000000001,3,8,12,0.710000000000008
1301,99.60000000000001,1,8,12,0.710000000000008
1301,100.7,3,55,8,0.710000000000008
1301,99.60000000000001,2,8,11,0.710000000000008
1301,99.60000000000001,1,8,21,0.710000000000008
1302,99.60000000000001,1,8,32,0.710000000000008
1302,99.60000000000001,1,8,32,0.710000000000008
1303,99.79,2,51,42,0.710000000000008
1305,99.79,1,51,20,0.710000000000008
1306,99.60000000000001,4,8,59,0.710000000000008
1307,100.7,2,60,8,0.710000000000008
1307,100.7,2,60,39,0.710000000000008
1307,99.60000000000001,3,6,50,0.710000000000008
1308,100.7,1,48,39,0.710000000000008
1308,100.7,3,48,5,0.710000000000008
1312,100.7,2,49,5,0.710000000000008
1312,100.7,1,49,10,0.710000000000008
1313,99.60000000000001,1,6,14,0.710000000000008
1315,99.60000000000001,1,6,12,0.710000000000008
1315,99.60000000000001,1,6,12,0.710000000000008
1317,100.7,4,57,10,0.710000000000008
1317,100.7,4,17,10,0.710000000000008
1319,100.06,1,51,42,0.6400000000000006
1319,99.60000000000001,2,6,42,0.710000000000008
1320,100.7,1,56,10,0.710000000000008
1321,99.60000000000001,1,6,21,0.710000000000008
1321,100.7,3,34,6,0.710000000000008
1322,100.7,2,23,6,0.710000000000008
1322,100.71000000000001,2,23,6,0.7200000000000131
1323,99.60000000000001,1,6,19,0.7200000000000131
1323,99.60000000000001,1,8,38,0.7200000000000131
1325,100.71000000000001,2,57,6,0.7200000000000131
1326,99.60000000000001,2,8,43,0.13000000000000966
1327,100.12,3,27,51,0.13000000000000966
1327,100.71000000000001,1,27,6,0.7200000000000131
1328,99.60000000000001,2,8,45,0.7200000000000131
1328,99.60000000000001,3,6,14,0.7200000000000131
1329,99.60000000000001,2,6,37,0.7200000000000131
1329,99.60000000000001,1,6,37,0.7200000000000131
1335,99.93,3,54,51,-0.05999999999998806
1336,100.71000000000001,1,28,5,0.7200000000000131
1338,99.60000000000001,4,6,42,0.7200000000000131
1338,99.60000000000001,3,6,24,0.7200000000000131
1338,100.71000000000001,1,58,5,0.7200000000000131
1339,100.71000000000001,1,49,5,0.7200000000000131
1340,99.60000000000001,2,6,59,0.7200000000000131
1340,99.60000000000001,3,6,32,0.7200000000000131
1341,99.60000000000001,2,6,53,0.7200000000000131
1341,99.60000000000001,1,6,50,0.7200000000000131
1345,99.60000000000001,1,6,50,0.7200000000000131
1348,100.71000000000001,2,54,5,0.7200000000000131
1348,100.71000000000001,1,54,6,0.7200000000000131
1351,99.60000000000001,1,6,20,0.7200000000000131
1353,100.71000000000001,3,39,6,0.7200000000000131
1353,100.71000000000001,1,49,6,0.7200000000000131
1353,100.71000000000001,1,49,10,0.7200000000000131
1353,100.71000000000001,3,44,10,0.7200000000000131
1354,100.71000000000001,1,33,10,0.7200000000000131
1354,100.71000000000001,2,33,40,0.7200000000000131
1354,100.71000000000001,1,33,17,0.7200000000000131
1357,99.81,1,51,42,0.7200000000000131
1358,99.81,2,51,20,0.7200000000000131
1358,99.60000000000001,2,6,20,0.7200000000000131
1361,100.0,3,51,45,0.710000000000008
1361,99.60000000000001,1,6,45,0.7200000000000131
1362,100.71000000000001,2,60,17,0.7200000000000131
1365,100.71000000000001,4,49,10,0.7200000000000131
1366,100.71000000000001,1,58,10,0.6200000000000045
1366,100.09,4,51,43,0.6200000000000045
1367,100.71000000000001,2,0,6,0.7200000000000131
1367,99.60000000000001,1,6,13,0.7200000000000131
1368,100.71000000000001,3,47,6,0.7200000000000131
1373,99.60000000000001,3,6,25,0.30000000000001137
1373,99.60000000000001,1,6,25,0.30000000000001137
1373,100.29,2,17,51,0.30000000000001137
1373,100.71000000000001,2,17,6,0.7200000000000131
1373,99.60000000000001,3,6,19,0.7200000000000131
1373,100.71000000000001,2,49,6,0.7200000000000131
1374,100.71000000000001,1,56,6,0.7200000000000131
1374,100.72,1,56,48,0.730000000000004
1376,99.60000000000001,1,6,36,0.730000000000004
1376,99.59,2,8,36,0.730000000000004
1377,99.59,3,8,32,0.730000000000004
1377,99.59,1,10,32,0.730000000000004
1377,99.59,3,10,43,0.730000000000004
1379,100.72,2,55,49,0.730000000000004
1379,99.59,1,10,30,0.730000000000004
1379,99.59,1,5,30,0.730000000000004
1380,99.59,4,5,24,0.730000000000004
1381,100.72,4,49,40,0.730000000000004
1382,99.59,1,6,50,0.730000000000004
1382,99.59,3,6,18,0.730000000000004
1383,100.72,1,39,5,0.730000000000004
1383,100.72,3,26,5,0.730000000000004
1385,99.59,1,6,38,0.730000000000004
1385,99.59,2,6,38,0.730000000000004
1389,99.59,3,6,30,0.730000000000004
1390,100.72,1,49,5,0.730000000000004
1390,100.72,1,49,6,0.730000000000004
1392,100.72,3,47,6,0.730000000000004
1394,100.4,1,51,37,0.3199999999999932
1396,100.4,1,51,19,0.3199999999999932
1396,99.62,2,5,19,0.730000000000004
1397,100.72,1,28,6,0.730000000000004
1397,100.72,2,28,40,0.730000000000004
1397,100.72,1,28,10,0.730000000000004
1400,100.72,2,26,10,0.730000000000004
1403,99.62,3,5,20,0.730000000000004
1403,100.72,2,56,10,0.730000000000004
1403,100.72,2,56,5,0.730000000000004
1404,100.37,2,44,51,0.38000000000000966
1404,99.60000000000001,2,4,11,0.730000000000004
1406,100.72,2,57,5,0.730000000000004
1408,100.72,1,58,5,0.730000000000004
1408,100.72,2,58,40,0.730000000000004
1408,100.72,1,58,6,0.730000000000004
1408,100.72,1,22,6,0.730000000000004
1409,100.72,1,26,6,0.730000000000004
1410,100.72,2,56,6,0.730000000000004
1410,100.72,2,56,17,0.730000000000004
1410,100.72,1,48,10,0.730000000000004
1414,100.72,4,40,10,0.730000000000004
1420,99.60000000000001,3,4,38,0.4300000000000068
1420,99.59,4,6,13,0.4300000000000068
1421,100.42,2,34,51,0.4300000000000068
1421,100.42,1,26,51,0.4300000000000068
1421,100.72,1,26,26,0.730000000000004
1423,99.59,1,6,0,0.7400000000000091
1423,99.59,1,10,0,0.7400000000000091
1425,100.73,1,48,5,0.7400000000000091
1426,100.31,3,56,51,0.3200000000000074
1427,99.59,2,10,50,0.7400000000000091
1431,99.59,2,10,53,0.7400000000000091
1431,99.59,2,6,53,0.7400000000000091
1431,100.73,3,22,5,0.7400000000000091
1432,99.59,3,6,19,0.7400000000000091
1432,99.59,1,6,19,0.7400000000000091
1432,100.73,1,41,5,0.7400000000000091
1437,100.73,3,31,5,0.7400000000000091
1437,99.98,1,51,50,0.7400000000000091
1437,99.59,3,6,50,0.7400000000000091
1438,100.73,2,0,5,0.7400000000000091
1438,99.59,1,6,53,0.7400000000000091
1438,99.59,1,6,53,0.7400000000000091
1441,99.59,4,6,13,0.7400000000000091
1441,100.73,4,22,5,0.7400000000000091
1442,100.73,1,40,5,0.7400000000000091
1442,100.73,3,40,5,0.7400000000000091
1446,99.65,1,5,12,0.7400000000000091
1448,100.73,2,0,5,0.7400000000000091
1449,100.73,1,34,5,0.7400000000000091
1450,100.73,2,40,5,0.7400000000000091
1453,100.73,2,58,5,0.7400000000000091
1460,99.7,3,5,36,0.7400000000000091
1462,100.73,2,31,27,0.7400000000000091
1464,100.73,1,26,27,0.7400000000000091
1465,100.11,1,44,51,0.12000000000000455
1465,100.73,2,44,5,0.7400000000000091
1466,99.7,2,5,11,0.7400000000000091
1466,99.7,2,5,11,0.7400000000000091
1469,100.73,2,48,5,0.7400000000000091
1471,99.7,3,5,45,0.7400000000000091
1471,99.69,1,5,30,0.7400000000000091
1471,100.73,1,41,5,0.7400000000000091
1471,100.73,1,41,34,0.7400000000000091
1471,100.73,2,41,5,0.7400000000000091
1471,100.73,1,33,5,0.7400000000000091
1473,100.73,2,0,5,0.7400000000000091
1473,100.73,2,22,5,0.7400000000000091
1473,99.69,2,5,20,0.7400000000000091
1474,100.73,3,33,5,0.7400000000000091
1474,100.73,1,33,5,0.7400000000000091
1475,100.73,4,26,5,0.7400000000000091
1476,100.73,1,49,5,0.7400000000000091
1477,100.03,1,44,51,0.04000000000000625
1478,100.03,3,41,51,0.04000000000000625
1479,100.73,1,57,5,0.7400000000000091
1480,99.69,2,5,15,0.7400000000000091
1480,99.69,1,5,15,0.7400000000000091
1481,99.69,3,5,37,0.7400000000000091
1482,100.73,3,57,5,0.7400000000000091
1483,99.69,1,5,14,0.7400000000000091
1483,99.68,2,5,14,0.7400000000000091
1483,99.68,3,5,52,0.7400000000000091
1483,99.66,1,5,52,0.7400000000000091
1486,100.73,2,55,5,0.7400000000000091
1486,100.73,2,27,5,0.7400000000000091
1487,99.71000000000001,1,5,24,-0.18999999999999773
1488,99.8,2,22,51,-0.18999999999999773
1488,100.73,1,22,5,0.7400000000000091
1488,100.73,1,22,5,0.7400000000000091
1492,99.71000000000001,1,5,52,0.7400000000000091
1493,99.71000000000001,1,5,45,0.7400000000000091
1493,100.73,2,47,5,0.7400000000000091
1496,100.73,1,41,5,0.7400000000000091
1496,100.73,1,23,5,0.7400000000000091
1496,100.73,2,23,5,0.7400000000000091
1497,100.73,3,26,5,0.7400000000000091
1499,100.73,1,46,5,0.7400000000000091
1500,99.71000000000001,1,5,30,0.7400000000000091
1503,100.73,2,16,5,0.7400000000000091
1504,100.73,2,39,5,0.7400000000000091
1504,100.73,2,39,5,0.7400000000000091
1506,100.73,1,49,5,0.7400000000000091
1509,100.73,2,55,5,0.7400000000000091
1509,100.73,2,55,5,0.7400000000000091
1509,99.71000000000001,1,5,35,0.7400000000000091
1509,99.69,3,51,35,0.7400000000000091
1511,99.66,3,5,24,0.7400000000000091
1512,99.66,1,5,0,-0.1599999999999966
1512,99.65,1,5,0,-0.1599999999999966
1513,99.65,1,5,50,-0.1599999999999966
1514,99.65,2,5,19,-0.1599999999999966
1514,99.65,2,5,19,-0.1599999999999966
1517,99.65,3,5,36,-0.1599999999999966
1517,99.65,1,5,36,-0.1599999999999966
1517,99.65,1,5,30,-0.1599999999999966
1518,99.83,1,23,51,-0.1599999999999966
1520,99.65,1,5,59,-0.1599999999999966
1521,99.65,2,5,43,-0.1599999999999966
1522,99.83,1,57,51,-0.1599999999999966
1522,100.64,3,57,5,0.6500000000000057
1525,100.64,2,33,5,0.6500000000000057
1525,100.71000000000001,1,33,5,0.7200000000000131
1525,100.71000000000001,3,41,5,0.7200000000000131
1526,99.59,4,10,52,0.7200000000000131
1527,100.71000000000001,1,54,5,0.7200000000000131
1527,100.73,1,54,5,0.7400000000000091
1527,100.73,2,58,5,0.7400000000000091
1527,100.73,1,58,5,0.7400000000000091
1530,99.59,1,10,25,0.7400000000000091
1530,100.73,4,23,5,0.7400000000000091
1534,100.73,1,60,8,0.7400000000000091
1535,100.73,2,41,8,0.7400000000000091
1538,99.59,1,10,14,0.7400000000000091
1538,100.73,2,48,8,0.7400000000000091
1538,99.59,3,10,37,0.7400000000000091
1541,100.73,4,47,5,0.7400000000000091
1541,99.59,1,10,19,0.7400000000000091
1541,99.59,2,6,19,0.7400000000000091
1542,100.73,1,57,5,0.7400000000000091
1544,99.82000000000001,2,0,51,-0.1699999999999875
1545,99.59,2,6,0,0.7400000000000091
1545,99.59,1,6,45,0.7400000000000091
1545,99.59,1,6,45,0.7400000000000091
1546,99.59,3,6,35,0.7400000000000091
1548,99.59,1,6,11,0.7400000000000091
1548,99.59,1,9,11,0.7400000000000091
1549,100.73,4,60,5,0.7400000000000091
1550,99.59,2,9,14,0.7400000000000091
1553,100.73,1,16,5,0.7400000000000091
1553,100.73,2,16,5,0.7400000000000091
1553,100.73,2,58,5,0.7400000000000091
1553,100.73,1,22,5,0.7400000000000091
1553,100.73,2,22,5,0.7400000000000091
1556,99.59,2,9,51,0.7400000000000091
1556,99.59,1,5,51,0.7400000000000091
1557,99.59,3,5,50,0.7400000000000091
1558,100.73,3,54,5,0.7400000000000091
1558,100.73,1,54,6,0.7400000000000091
1560,100.73,3,27,6,0.7400000000000091
1560,100.73,1,47,6,0.7400000000000091
1560,100.73,2,47,8,0.7400000000000091
1560,100.73,1,39,8,0.7400000000000091
1563,99.59,1,5,59,0.7400000000000091
1563,99.58,1,6,59,0.7400000000000091
1565,100.73,2,0,8,0.7400000000000091
1567,100.73,3,28,10,0.7400000000000091
1568,99.58,2,6,51,0.7400000000000091
1568,99.58,2,6,18,0.7400000000000091
1568,99.58,1,6,18,0.7400000000000091
1569,99.58,1,6,24,0.7400000000000091
1570,100.73,2,17,10,0.7400000000000091
1570,100.73,2,17,5,0.7400000000000091
1570,100.73,3,49,5,0.7400000000000091
1570,100.73,1,49,10,0.7400000000000091
1570,99.58,1,6,13,0.7400000000000091
1572,100.73,1,48,10,0.7400000000000091
1573,99.58,2,6,59,0.7400000000000091
1573,99.58,1,37,59,0.7400000000000091
1573,100.73,2,28,10,0.7400000000000091
1573,99.58,2,37,0,0.7400000000000091
1576,100.73,1,55,10,0.7400000000000091
1576,99.58,1,37,52,0.7400000000000091
1576,100.73,1,26,10,0.7400000000000091
1577,99.58,1,10,45,0.7400000000000091
1578,100.73,2,57,10,0.7400000000000091
1578,99.58,1,10,29,0.7400000000000091
1580,99.58,2,10,45,0.7400000000000091
1581,100.73,1,34,10,0.7400000000000091
1584,100.73,1,28,10,0.7400000000000091
1584,100.73,2,28,5,0.7400000000000091
1585,99.58,1,10,51,0.7400000000000091
1585,99.58,3,5,51,0.7400000000000091
1587,100.73,3,33,5,0.7400000000000091
1587,100.73,1,17,51,0.7400000000000091
1589,100.73,1,26,51,0.7400000000000091
1589,100.73,2,26,8,0.7400000000000091
1590,99.58,2,5,52,0.7400000000000091
1590,99.58,2,5,52,0.7400000000000091
1592,100.73,1,26,8,0.7400000000000091
1594,100.73,2,0,8,0.7400000000000091
1595,100.74000000000001,2,48,27,0.7500000000000142
1595,100.74000000000001,1,48,4,0.7500000000000142
1596,100.74000000000001,2,55,4,0.7500000000000142
1596,100.74000000000001,2,22,4,0.7500000000000142
1596,100.74000000000001,1,22,9,0.7500000000000142
1596,99.58,2,5,32,0.7500000000000142
1597,100.74000000000001,3,60,9,0.7500000000000142
1597,99.58,1,5,51,0.7500000000000142
1599,99.58,2,54,50,0.7500000000000142
1599,99.58,1,10,50,0.7500000000000142
1600,99.58,3,10,36,0.7500000000000142
1602,100.74000000000001,1,40,9,0.7500000000000142
1602,100.74000000000001,3,40,6,0.7500000000000142
1602,99.58,1,10,21,0.7500000000000142
1602,99.58,2,6,21,0.7500000000000142
1603,100.74000000000001,2,0,6,0.7500000000000142
1606,100.74000000000001,1,34,58,0.7500000000000142
1606,100.74000000000001,2,34,40,0.7500000000000142
1608,99.58,2,6,15,0.7500000000000142
1611,100.74000000000001,1,55,40,0.7500000000000142
1615,100.74000000000001,1,46,40,0.7500000000000142
1615,100.74000000000001,1,46,6,0.7500000000000142
1617,99.58,1,6,51,0.7500000000000142
1617,99.58,2,8,51,0.7500000000000142
1619,99.58,2,8,19,0.7500000000000142
1619,100.74000000000001,1,41,6,0.7500000000000142
1620,99.58,1,8,59,0.7500000000000142
1620,99.58,2,8,59,0.7500000000000142
1621,100.74000000000001,3,31,6,0.7500000000000142
1621,100.74000000000001,1,31,6,0.7500000000000142
1623,100.74000000000001,2,0,6,0.7500000000000142
1628,99.58,3,8,19,0.7500000000000142
1629,100.74000000000001,2,57,6,0.7500000000000142
1629,100.74000000000001,2,57,5,0.7500000000000142
1630,99.58,1,8,13,0.7500000000000142
1630,99.58,1,8,36,0.7500000000000142
1630,100.74000000000001,3,41,5,0.7500000000000142
1630,100.75,1,41,47,0.7600000000000051
1632,100.75,3,48,47,0.7600000000000051
1632,100.75,1,48,8,0.7600000000000051
1637,99.58,1,8,11,0.7600000000000051
1637,99.58,2,8,37,0.7600000000000051
1637,99.58,1,6,37,0.7600000000000051
1640,99.58,1,6,20,0.7600000000000051
1640,100.75,2,22,8,0.7600000000000051
1642,99.58,1,6,30,0.7600000000000051
1643,99.58,2,6,0,0.7600000000000051
1644,100.75,2,58,8,0.7600000000000051
1645,100.75,3,46,5,0.7600000000000051
1648,99.58,2,8,21,0.7600000000000051
1650,99.58,3,8,45,0.7600000000000051
1650,99.58,1,30,45,0.7600000000000051
1652,100.75,2,33,5,0.7600000000000051
1656,100.75,2,47,6,0.7600000000000051
1656,100.75,3,27,6,0.7600000000000051
1657,99.58,1,30,32,0.7600000000000051
1658,99.58,1,30,25,0.7600000000000051
1659,99.58,1,30,45,0.7600000000000051
1660,99.58,3,5,52,0.7600000000000051
1660,100.75,4,31,8,0.7600000000000051
1661,99.58,2,5,20,0.7600000000000051
1661,99.57000000000001,3,10,51,0.7600000000000051
1662,100.75,1,60,8,0.7600000000000051
1662,100.75,1,60,8,0.7600000000000051
1666,99.57000000000001,1,8,19,0.7600000000000051
1669,99.57000000000001,1,8,35,0.7600000000000051
1671,99.57000000000001,3,8,18,0.7600000000000051
1671,99.57000000000001,1,6,18,0.7600000000000051
1672,100.75,2,54,8,0.7600000000000051
1674,100.75,1,40,8,0.7600000000000051
1674,99.57000000000001,2,6,32,0.7600000000000051
1675,99.57000000000001,2,6,24,0.7600000000000051
1675,99.57000000000001,2,38,24,0.7600000000000051
1676,100.75,1,0,8,0.7600000000000051
1676,100.75,1,0,17,0.7600000000000051
1677,100.75,1,0,17,0.7600000000000051
1677,100.75,1,0,17,0.7600000000000051
1678,100.75,1,16,17,0.7600000000000051
1678,100.75,3,39,51,0.7600000000000051
1679,100.75,3,56,8,0.7600000000000051
1684,99.57000000000001,1,38,32,0.7600000000000051
1684,99.57000000000001,3,8,32,0.7600000000000051
1685,100.75,2,16,8,0.7600000000000051
1685,100.75,2,16,6,0.7600000000000051
1685,99.57000000000001,2,8,19,0.7600000000000051
1692,100.75,3,16,6,0.7600000000000051
1692,100.75,1,16,54,0.7600000000000051
1693,100.76,3,55,5,0.7700000000000102
1695,100.76,2,17,5,0.7700000000000102
1695,100.76,2,17,41,0.7700000000000102
1697,100.76,1,46,41,0.7700000000000102
1697,99.57000000000001,2,6,19,0.7700000000000102
1700,100.76,3,39,8,0.7700000000000102
1700,100.76,2,44,8,0.7700000000000102
1700,100.76,2,44,8,0.7700000000000102
1702,99.57000000000001,1,6,50,0.7700000000000102
1702,100.76,3,56,8,0.7700000000000102
1704,100.76,4,27,5,0.7700000000000102
1705,99.57000000000001,2,6,36,0.7700000000000102
1709,99.57000000000001,2,38,18,0.7700000000000102
1710,100.76,1,54,5,0.7700000000000102
1710,100.76,1,54,5,0.7700000000000102
1711,99.57000000000001,1,8,50,0.7700000000000102
1711,100.76,1,46,5,0.7700000000000102
1712,100.76,1,44,5,0.7700000000000102
1716,99.57000000000001,1,8,30,0.7700000000000102
1716,100.76,2,17,5,0.7700000000000102
1718,99.57000000000001,2,8,0,0.7700000000000102
1718,99.57000000000001,1,8,15,0.7700000000000102
1720,100.76,3,26,5,0.7700000000000102
1721,100.76,2,31,5,0.7700000000000102
1721,100.76,1,31,10,0.7700000000000102
1721,100.76,4,16,10,0.7700000000000102
1722,99.57000000000001,3,8,25,0.7700000000000102
1724,99.57000000000001,2,8,45,0.7700000000000102
1724,99.57000000000001,2,8,45,0.7700000000000102
1724,100.76,2,0,8,0.7700000000000102
1724,100.76,1,26,8,0.7700000000000102
1726,100.76,1,39,8,0.7700000000000102
1727,99.57000000000001,2,8,21,0.7700000000000102
1727,100.76,1,57,8,0.7700000000000102
1730,99.57000000000001,1,8,52,0.7700000000000102
1730,99.57000000000001,3,8,52,0.7700000000000102
1731,100.76,3,28,17,0.7700000000000102
1731,100.76,1,28,17,0.7700000000000102
1732,100.77,1,34,44,0.7800000000000011
1735,100.77,1,26,44,0.7800000000000011
1735,100.77,1,27,44,0.7800000000000011
1735,100.77,3,27,6,0.7800000000000011
1739,99.57000000000001,2,8,50,0.7800000000000011
1740,99.57000000000001,4,6,11,0.7800000000000011
1743,99.57000000000001,1,6,18,0.7800000000000011
1743,100.77,1,54,6,0.7800000000000011
1744,100.77,1,46,6,0.7800000000000011
1745,99.57000000000001,2,8,0,0.7800000000000011
1746,100.77,2,58,40,0.7800000000000011
1747,100.77,1,39,40,0.7800000000000011
1749,100.77,1,40,40,0.7800000000000011
1749,100.77,2,40,10,0.7800000000000011
1750,100.77,2,41,10,0.7800000000000011
1755,100.77,1,16,10,0.7800000000000011
1755,100.77,2,16,5,0.7800000000000011
1755,99.57000000000001,2,8,11,0.7800000000000011
1756,99.57000000000001,1,8,52,0.7800000000000011
1756,99.57000000000001,3,29,52,0.7800000000000011
1758,99.57000000000001,1,6,32,0.7800000000000011
1761,100.77,3,47,5,0.7800000000000011
1763,100.77,4,55,5,0.7800000000000011
1764,99.57000000000001,4,6,11,0.7800000000000011
1764,99.57000000000001,4,6,45,0.7800000000000011
1773,100.77,1,40,5,0.7800000000000011
1773,100.77,1,40,5,0.7800000000000011
1774,100.77,2,28,5,0.7800000000000011
1776,99.57000000000001,1,6,35,0.7800000000000011
1776,99.57000000000001,2,8,35,0.7800000000000011
1777,100.77,2,26,5,0.7800000000000011
1777,100.77,1,26,10,0.7800000000000011
1779,99.57000000000001,1,8,52,0.7800000000000011
1779,100.77,3,57,10,0.7800000000000011
1781,100.77,1,17,10,0.7800000000000011
1781,100.77,1,17,5,0.7800000000000011
1781,99.57000000000001,2,8,45,0.7800000000000011
1782,100.77,4,34,5,0.7800000000000011
1782,99.56,2,8,0,0.7800000000000011
1783,99.56,3,8,35,0.7800000000000011
1783,99.56,1,26,35,0.7800000000000011
1784,100.77,4,23,8,0.7800000000000011
1786,100.77,1,47,8,0.7800000000000011
1786,100.77,3,47,8,0.7800000000000011
1786,100.77,1,56,8,0.7800000000000011
1787,100.77,1,46,8,0.7800000000000011
1787,100.77,1,46,8,0.7800000000000011
1792,100.77,4,54,8,0.7800000000000011
1795,100.78,3,27,6,0.7900000000000063
1796,99.56,1,26,37,0.7900000000000063
1796,99.56,3,10,37,0.7900000000000063
1797,99.56,1,10,30,0.7900000000000063
1798,99.56,1,10,18,0.7900000000000063
1798,99.56,3,5,18,0.7900000000000063
1798,99.56,1,5,13,0.7900000000000063
1799,100.78,2,47,6,0.7900000000000063
1799,100.78,2,47,40,0.7900000000000063
1800,99.56,1,5,36,0.7900000000000063
1800,99.56,2,6,36,0.7900000000000063
1802,99.56,2,6,0,0.7900000000000063
1804,100.78,3,40,10,0.7900000000000063
1805,100.78,2,16,10,0.7900000000000063
1805,100.78,1,16,10,0.7900000000000063
1809,100.78,2,46,10,0.7900000000000063
1809,100.78,2,41,10,0.7900000000000063
1811,99.56,1,6,0,0.7900000000000063
1811,99.56,1,6,0,0.7900000000000063
1812,100.78,2,41,10,0.7900000000000063
1816,99.56,1,6,11,0.7900000000000063
1819,100.78,2,17,10,0.7900000000000063
1820,99.56,3,6,45,0.7900000000000063
1822,100.78,1,23,10,0.7900000000000063
1822,100.78,2,23,6,0.7900000000000063
1825,100.78,3,44,6,0.7900000000000063
1826,100.78,2,40,17,0.7900000000000063
1828,99.56,4,5,29,0.7900000000000063
1829,99.56,1,5,52,0.7900000000000063
1829,99.56,1,10,30,0.7900000000000063
1832,99.56,1,10,25,0.7900000000000063
1836,99.56,3,10,43,0.7900000000000063
1836,99.56,1,5,43,0.7900000000000063
1840,99.56,2,5,0,0.7900000000000063
1840,100.78,2,41,17,0.7900000000000063
1840,100.78,2,41,8,0.7900000000000063
1842,100.78,3,58,8,0.7900000000000063
1843,99.56,2,5,0,0.7900000000000063
1845,100.78,3,40,8,0.7900000000000063
1845,100.78,2,48,8,0.7900000000000063
1845,100.78,2,48,6,0.7900000000000063
1846,99.56,1,5,30,0.7900000000000063
1848,100.78,3,22,6,0.7900000000000063
1848,100.78,1,22,8,0.7900000000000063
1852,99.56,2,5,29,0.7900000000000063
1852,99.56,2,5,38,0.7900000000000063
1852,99.56,4,5,59,0.7900000000000063
1854,100.78,2,46,8,0.7900000000000063
1855,100.78,2,17,8,0.7900000000000063
1855,100.78,1,17,51,0.7900000000000063
1859,99.56,1,5,35,0.7900000000000063
1859,100.78,2,22,51,0.7900000000000063
1859,99.56,2,32,18,0.7900000000000063
1862,100.78,1,55,51,0.7900000000000063
1862,100.79,3,55,6,0.8000000000000114
1863,100.79,1,54,6,0.8000000000000114
1864,99.56,1,32,18,0.8000000000000114
1864,100.79,1,46,6,0.8000000000000114
1864,100.79,2,46,5,0.8000000000000114
1868,100.79,2,22,5,0.8000000000000114
1869,99.56,2,6,51,0.8000000000000114
1871,100.79,1,0,5,0.8000000000000114
1871,100.79,1,0,8,0.8000000000000114
1871,100.79,2,34,8,0.8000000000000114
1872,100.79,2,27,8,0.8000000000000114
1872,100.79,1,27,6,0.8000000000000114
1872,100.79,3,17,6,0.8000000000000114
1878,99.56,1,6,32,0.8000000000000114
1879,100.79,1,48,6,0.8000000000000114
1879,100.79,1,48,10,0.8000000000000114
1890,100.79,1,28,10,0.8000000000000114
1890,100.79,3,27,10,0.8000000000000114
1891,99.56,2,6,43,0.8000000000000114
1893,100.79,2,17,8,0.8000000000000114
1895,100.79,2,16,8,0.8000000000000114
1896,99.56,2,6,59,0.8000000000000114
1897,100.79,1,40,8,0.8000000000000114
1897,100.79,1,40,8,0.8000000000000114
1898,99.56,3,6,30,0.8000000000000114
1905,99.56,2,52,24,0.8000000000000114
1907,99.56,2,10,35,0.8000000000000114
1909,99.56,3,10,29,0.8000000000000114
1913,99.56,3,8,11,0.8000000000000114
1913,100.79,1,39,8,0.8000000000000114
1914,100.79,1,41,8,0.8000000000000114
1917,99.56,2,8,43,0.8000000000000114
1917,99.55,1,22,43,0.8000000000000114
1917,100.79,2,57,8,0.8000000000000114
1921,100.79,2,0,17,0.8000000000000114
1922,99.55,3,22,20,0.8000000000000114
1922,99.55,1,8,20,0.8000000000000114
1923,100.79,2,39,17,0.8000000000000114
1925,100.79,3,54,5,0.8000000000000114
1928,99.55,1,8,18,0.8000000000000114
1929,100.79,2,17,5,0.8000000000000114
1929,100.79,1,17,5,0.8000000000000114
1929,99.55,3,8,20,0.8000000000000114
1929,99.55,1,10,20,0.8000000000000114
1931,99.55,1,10,45,0.8000000000000114
1935,100.79,1,39,5,0.8000000000000114
1940,99.55,1,10,18,0.8000000000000114
1940,99.55,2,10,32,0.8000000000000114
1940,99.55,1,10,32,0.8000000000000114
1940,100.79,1,17,5,0.8000000000000114
1945,100.79,2,48,5,0.8000000000000114
1947,100.79,3,31,8,0.8000000000000114
1947,99.55,4,10,35,0.8000000000000114
1947,99.55,2,8,52,0.8000000000000114
1950,99.55,2,8,0,0.8000000000000114
1953,100.79,2,27,8,0.8000000000000114
1953,100.79,1,27,6,0.8000000000000114
1956,99.55,1,8,30,0.8000000000000114
1956,99.55,1,4,30,0.8000000000000114
1961,99.55,2,4,37,0.8000000000000114
1963,100.79,4,57,6,0.8000000000000114
1963,99.55,1,4,11,0.8100000000000023
1968,100.8,4,39,3,0.8100000000000023
1969,99.55,1,4,24,0.8100000000000023
1969,99.55,1,10,24,0.8100000000000023
1972,99.55,3,10,25,0.8100000000000023
1975,100.8,1,34,3,0.8100000000000023
1975,100.8,2,34,23,0.8100000000000023
1975,99.55,1,10,43,0.8100000000000023
1975,99.55,1,10,43,0.8100000000000023
1979,100.8,1,44,23,0.8100000000000023
1979,100.8,2,44,6,0.8100000000000023
1981,100.8,1,27,6,0.8100000000000023
1982,100.8,1,40,6,0.8100000000000023
1983,99.55,1,10,45,0.8100000000000023
1984,99.55,3,10,20,0.8100000000000023
1986,99.55,2,6,0,0.8100000000000023
1989,100.8,1,22,6,0.8100000000000023
1990,99.55,3,6,15,0.8100000000000023
1990,99.55,1,8,15,0.8100000000000023
1990,100.8,2,44,8,0.8100000000000023
1992,100.8,3,48,8,0.8100000000000023
1992,99.55,4,8,13,0.8100000000000023
1996,100.8,1,55,33,0.8100000000000023
1996,100.8,3,55,6,0.8100000000000023
1996,100.8,2,31,6,0.8100000000000023
1996,100.8,1,31,8,0.8100000000000023
1998,100.8,4,39,8,0.8100000000000023
1999,100.8,3,33,54,0.8100000000000023
2001,100.8,1,23,54,0.8100000000000023
2001,100.8,2,23,6,0.8100000000000023
2002,99.55,2,6,25,0.8100000000000023
2002,99.55,1,6,11,0.8100000000000023
2004,100.8,3,34,6,0.8100000000000023
2004,100.8,1,34,6,0.8100000000000023
2006,99.55,2,6,43,0.8100000000000023
2006,99.55,2,6,11,0.8100000000000023
2013,99.55,3,6,52,0.8100000000000023
2013,100.8,1,40,6,0.8100000000000023
2014,100.8,2,0,6,0.8100000000000023
2020,100.8,1,41,6,0.8100000000000023
2020,100.81,1,41,5,0.8200000000000074
2021,99.55,4,5,11,0.8200000000000074
2024,99.55,1,5,15,0.8200000000000074
2024,99.55,2,5,15,0.8200000000000074
2027,100.81,1,34,5,0.8200000000000074
2028,99.55,2,5,30,0.8200000000000074
2029,99.55,1,5,18,0.8200000000000074
2029,100.81,2,40,5,0.8200000000000074
2032,100.81,1,17,5,0.8200000000000074
2032,100.81,2,17,5,0.8200000000000074
2034,99.54,2,26,11,0.8200000000000074
2036,99.54,1,26,20,0.8200000000000074
2038,100.81,2,54,5,0.8200000000000074
2041,100.81,1,33,5,0.8200000000000074
2044,99.54,3,36,29,0.8200000000000074
2044,99.54,1,10,29,0.8200000000000074
2047,100.81,4,33,49,0.8200000000000074
2048,100.81,1,39,5,0.8200000000000074
2052,99.54,1,10,37,0.8200000000000074
2053,100.81,4,31,5,0.8200000000000074
2056,100.81,1,0,40,0.8200000000000074
2056,100.81,1,0,10,0.8200000000000074
2056,99.54,3,10,24,0.8200000000000074
2056,100.81,1,40,10,0.8200000000000074
2059,99.54,4,6,18,0.8200000000000074
2061,99.54,1,6,52,0.8200000000000074
2065,99.54,4,6,30,0.8200000000000074
2066,100.81,3,44,10,0.8200000000000074
2066,100.81,1,44,51,0.8200000000000074
2067,99.54,1,6,37,0.8200000000000074
2067,99.54,1,5,37,0.8200000000000074
2068,99.54,4,5,20,0.8200000000000074
2069,99.54,1,6,35,0.8200000000000074
2071,100.81,3,33,8,0.8200000000000074
2071,100.81,2,58,8,0.8200000000000074
2071,100.81,1,58,8,0.8200000000000074
2073,100.81,1,39,8,0.8200000000000074
2075,99.54,4,6,37,0.8200000000000074
2075,100.81,3,17,8,0.8200000000000074
2075,100.81,1,17,5,0.8200000000000074
2075,99.54,2,9,43,0.8200000000000074
2077,100.81,3,31,5,0.8200000000000074
2081,99.54,2,9,0,0.8200000000000074
2084,100.81,1,16,5,0.8200000000000074
2084,100.81,1,16,17,0.8200000000000074
2086,100.81,2,58,6,0.8200000000000074
2089,100.81,2,0,6,0.8200000000000074
2089,100.81,1,49,6,0.8200000000000074
2089,100.81,2,49,5,0.8200000000000074
2092,99.54,1,9,21,0.8200000000000074
2092,99.54,2,4,21,0.8200000000000074
2092,99.54,1,4,25,0.8200000000000074
2097,99.54,2,4,32,0.8200000000000074
2097,99.54,1,4,32,0.8200000000000074
2099,100.81,3,33,5,0.8200000000000074
2099,100.82000000000001,3,27,28,0.8300000000000125
2100,100.82000000000001,3,31,4,0.8300000000000125
2100,99.54,4,4,52,0.8300000000000125
2103,99.54,4,10,32,0.8300000000000125
2105,99.54,1,10,51,0.8300000000000125
2105,99.54,2,10,51,0.8300000000000125
2109,99.54,2,10,13,0.8300000000000125
2110,100.82000000000001,2,0,4,0.8300000000000125
2111,99.54,1,10,32,0.8300000000000125
2112,100.82000000000001,1,31,9,0.8300000000000125
2113,100.82000000000001,4,27,9,0.8300000000000125
2116,100.82000000000001,1,17,8,0.8300000000000125
2119,99.54,4,6,11,0.8300000000000125
2120,99.54,1,6,32,0.8300000000000125
2120,99.54,3,6,32,0.8300000000000125
2122,100.82000000000001,3,44,8,0.8300000000000125
2124,99.54,1,6,15,0.8300000000000125
2126,100.82000000000001,1,39,8,0.8300000000000125
2131,100.82000000000001,4,33,5,0.8300000000000125
2133,99.54,1,6,51,0.8300000000000125
2133,99.54,2,6,51,0.8300000000000125
2135,100.82000000000001,1,0,5,0.8300000000000125
2135,100.82000000000001,1,0,8,0.8300000000000125
2137,100.82000000000001,3,17,8,0.8300000000000125
2140,99.54,2,6,0,0.8300000000000125
2141,99.54,1,6,11,0.8300000000000125
2141,99.54,1,8,11,0.8300000000000125
2142,100.82000000000001,1,34,8,0.8300000000000125
2143,99.54,1,8,51,0.8300000000000125
2144,100.82000000000001,2,27,8,0.8300000000000125
2146,100.82000000000001,1,49,8,0.8300000000000125
2148,100.82000000000001,2,39,8,0.8300000000000125
2153,99.54,3,8,36,0.8300000000000125
2154,99.54,2,6,29,0.8300000000000125
2154,99.54,2,6,0,0.8300000000000125
2155,100.82000000000001,1,28,5,0.8300000000000125
2156,100.82000000000001,1,33,5,0.8300000000000125
2156,99.54,1,6,15,0.8300000000000125
2158,99.54,2,10,37,0.8300000000000125
2161,100.82000000000001,3,22,5,0.8300000000000125
2161,100.82000000000001,1,22,8,0.8300000000000125
2161,99.54,1,10,52,0.8300000000000125
2169,100.82000000000001,1,22,8,0.8300000000000125
2176,99.54,2,10,43,0.8300000000000125
2176,99.54,1,6,43,0.8300000000000125
2178,99.54,4,6,21,0.8300000000000125
2179,100.82000000000001,2,57,8,0.8300000000000125
2181,99.54,4,6,35,0.8300000000000125
2194,100.82000000000001,1,27,8,0.8300000000000125
2194,100.82000000000001,2,27,8,0.8300000000000125
2195,100.82000000000001,2,34,8,0.8300000000000125
2195,99.57000000000001,1,8,25,0.8300000000000125
2197,99.57000000000001,1,8,35,0.8300000000000125
2198,100.82000000000001,1,17,8,0.8300000000000125
2198,100.82000000000001,3,17,6,0.8300000000000125
2198,100.82000000000001,2,31,6,0.8300000000000125
2198,100.82000000000001,1,31,6,0.8300000000000125
2200,100.82000000000001,2,28,6,0.8300000000000125
2203,100.82000000000001,1,34,6,0.8300000000000125
2203,99.58,2,8,29,0.8300000000000125
2204,99.58,2,8,30,0.8300000000000125
2207,100.82000000000001,1,39,6,0.8300000000000125
2207,100.82000000000001,1,39,8,0.8300000000000125
2209,99.58,1,8,0,0.8300000000000125
2209,99.57000000000001,1,8,0,0.8300000000000125
2211,100.82000000000001,1,22,8,0.8300000000000125
2212,100.82000000000001,3,16,8,0.8300000000000125
2219,99.57000000000001,2,8,11,0.8300000000000125
2219,99.57000000000001,1,8,11,0.8300000000000125
2220,99.57000000000001,4,8,51,0.8300000000000125
2227,100.82000000000001,4,57,6,0.8300000000000125
2231,100.82000000000001,1,40,6,0.8300000000000125
2231,100.82000000000001,1,40,6,0.8300000000000125
2232,99.54,1,6,18,0.8300000000000125
2232,99.54,1,8,18,0.8300000000000125
2235,99.54,1,8,13,0.8300000000000125
2236,99.54,3,8,38,0.8300000000000125
2236,99.54,1,8,38,0.8300000000000125
2242,100.82000000000001,1,48,6,0.8300000000000125
2246,100.82000000000001,3,22,6,0.8300000000000125
2248,100.82000000000001,2,55,8,0.8300000000000125
2252,100.82000000000001,2,0,8,0.8300000000000125
2253,99.54,1,8,43,0.8300000000000125
2254,100.82000000000001,1,0,8,0.8300000000000125
2254,100.83,1,0,5,0.8400000000000034
2255,99.54,2,8,52,0.8400000000000034
2256,99.54,1,8,29,0.8400000000000034
2256,99.54,2,8,0,0.8400000000000034
2257,99.54,1,8,38,0.8400000000000034
2259,99.54,1,8,35,0.8400000000000034
2260,99.54,1,8,30,0.8400000000000034
2260,100.83,4,31,5,0.8400000000000034
2260,100.83,3,58,5,0.8400000000000034
2261,100.83,2,48,5,0.8400000000000034
2261,100.83,1,48,34,0.8400000000000034
2262,100.83,1,22,34,0.8400000000000034
2262,100.83,1,22,27,0.8400000000000034
2262,100.83,2,22,30,0.8400000000000034
2262,100.83,1,34,30,0.8400000000000034
2262,100.83,1,34,10,0.8400000000000034
2264,99.54,1,8,25,0.8400000000000034
2265,99.54,2,8,0,0.8400000000000034
2269,99.54,2,8,0,0.8400000000000034
2273,100.83,4,55,10,0.8400000000000034
2273,99.54,1,8,30,0.8400000000000034
2275,99.54,2,8,32,0.8400000000000034
2280,100.83,2,0,10,0.8400000000000034
2290,100.83,3,39,10,0.8400000000000034
2290,100.83,1,39,6,0.8400000000000034
2290,100.83,3,40,6,0.8400000000000034
2297,100.83,1,39,6,0.8400000000000034
2297,100.83,1,39,10,0.8400000000000034
2299,100.83,3,57,10,0.8400000000000034
2304,100.83,1,27,10,0.8400000000000034
2305,100.83,1,39,8,0.8400000000000034
2318,99.54,2,8,11,0.8400000000000034
2318,99.53,2,36,11,0.8400000000000034
2318,100.83,1,48,8,0.8400000000000034
2326,99.53,1,36,0,0.8400000000000034
2326,99.53,1,10,0,0.8400000000000034
2329,99.53,4,10,38,0.8400000000000034
2331,100.83,3,58,8,0.8400000000000034
2332,99.53,2,10,0,0.8400000000000034
2334,99.53,3,10,51,0.8400000000000034
2334,99.53,1,45,51,0.8400000000000034
2336,99.53,1,45,29,0.8400000000000034
2336,99.53,3,37,29,0.8400000000000034
2342,99.53,3,5,25,0.8400000000000034
2343,100.83,2,0,6,0.8400000000000034
2346,100.83,1,34,6,0.8400000000000034
2346,99.53,1,5,43,0.8400000000000034
2349,99.53,1,5,18,0.8400000000000034
2351,100.83,2,58,6,0.8400000000000034
2352,99.53,4,11,43,0.8400000000000034
2353,100.83,1,44,8,0.8400000000000034
2354,99.53,2,4,11,0.8400000000000034
2356,100.83,3,48,8,0.8400000000000034
2358,100.83,1,17,8,0.8400000000000034
2358,100.83,1,17,5,0.8400000000000034
2361,100.83,2,0,5,0.8400000000000034
2365,100.83,2,0,5,0.8400000000000034
2366,99.53,2,4,18,0.8400000000000034
2366,99.53,1,4,45,0.8400000000000034
2366,99.53,1,10,45,0.8400000000000034
2367,100.83,2,57,5,0.8400000000000034
2368,99.53,4,10,43,0.8400000000000034
2370,100.83,3,55,5,0.8400000000000034
2370,100.83,1,55,6,0.8400000000000034
2377,99.53,1,29,15,0.8400000000000034
2377,99.53,3,4,15,0.8400000000000034
2381,99.53,1,4,37,0.8400000000000034
2384,100.83,3,16,6,0.8400000000000034
2385,100.83,1,17,6,0.8400000000000034
2385,100.83,1,17,17,0.8400000000000034
2386,99.53,1,4,37,0.8400000000000034
2386,99.53,1,9,37,0.8400000000000034
2396,100.83,4,58,10,0.8400000000000034
2396,99.53,4,9,38,0.8400000000000034
2402,99.53,3,9,36,0.8400000000000034
2403,99.53,2,9,51,0.8400000000000034
2403,99.53,1,10,51,0.8400000000000034
2407,100.83,1,48,10,0.8400000000000034
2407,100.83,1,48,5,0.8400000000000034
2408,99.60000000000001,2,9,0,0.8400000000000034
2409,100.83,3,58,5,0.8400000000000034
2412,99.60000000000001,1,9,43,0.8400000000000034
2412,99.60000000000001,2,9,30,0.8400000000000034
2414,99.57000000000001,1,9,51,0.8400000000000034
2415,100.83,1,55,5,0.8400000000000034
2415,100.84,2,55,5,0.8500000000000085
2415,99.57000000000001,3,9,18,0.8500000000000085
2419,100.84,1,17,5,0.8500000000000085
2424,100.84,2,17,5,0.8500000000000085
2424,100.84,1,17,48,0.8500000000000085
2428,99.57000000000001,1,9,15,0.8500000000000085
2431,100.84,2,17,48,0.8500000000000085
2435,99.53,1,10,51,0.8500000000000085
2437,100.84,1,40,48,0.8500000000000085
2437,100.84,1,40,60,0.8500000000000085
2437,100.84,2,40,5,0.8500000000000085
2449,99.53,3,10,15,0.8500000000000085
2449,99.53,1,4,15,0.8500000000000085
2449,99.53,2,4,51,0.8500000000000085
2452,100.84,1,55,5,0.8500000000000085
2456,99.53,2,4,11,0.8500000000000085
2456,99.53,2,8,11,0.8500000000000085
2456,100.84,1,55,5,0.8500000000000085
2457,99.53,2,8,51,0.8500000000000085
2458,99.53,1,8,37,0.8500000000000085
2458,99.53,2,6,37,0.8500000000000085
2461,100.84,1,40,5,0.8500000000000085
2461,100.84,3,40,5,0.8500000000000085
2462,99.53,3,6,51,0.8500000000000085
2462,99.53,1,8,51,0.8500000000000085
2463,100.84,1,44,5,0.8500000000000085
2468,99.53,4,8,30,0.8500000000000085
2468,100.84,1,58,5,0.8500000000000085
2468,100.84,1,58,6,0.8500000000000085
2471,99.53,4,5,38,0.8500000000000085
2472,99.53,1,5,35,0.8500000000000085
2472,99.53,1,5,35,0.8500000000000085
2477,100.84,1,60,6,0.8500000000000085
2477,100.84,3,22,6,0.8500000000000085
2477,100.84,1,22,6,0.8500000000000085
2482,99.53,1,5,43,0.8500000000000085
2485,100.84,2,17,6,0.8500000000000085
2488,99.53,3,5,30,0.8500000000000085
2489,99.53,4,5,13,0.8500000000000085
2499,99.53,1,5,29,0.8500000000000085
2499,99.53,2,5,29,0.8500000000000085
2507,99.53,3,5,51,0.8500000000000085
2513,99.53,3,3,32,0.8500000000000085
2514,99.53,1,3,29,0.8500000000000085
2517,100.84,2,0,6,0.8500000000000085
2527,100.84,1,17,8,0.8500000000000085
2529,99.53,1,3,30,0.8500000000000085
2529,99.53,2,8,30,0.8500000000000085
2534,99.53,2,8,0,0.8500000000000085
2535,100.84,2,0,8,0.8500000000000085
2539,100.84,2,40,8,0.8500000000000085
2539,100.84,1,40,6,0.8500000000000085
2541,100.84,4,55,6,0.8500000000000085
2544,99.53,1,8,21,0.8500000000000085
2558,99.53,1,8,18,0.8500000000000085
2563,100.84,2,0,6,0.8500000000000085
2565,100.84,1,44,6,0.8500000000000085
2567,99.53,1,8,15,0.8500000000000085
2568,100.84,1,40,6,0.8500000000000085
2571,99.53,2,8,0,0.8500000000000085
2571,99.53,1,8,29,0.8500000000000085
2571,99.52,1,38,29,0.8500000000000085
2575,100.84,1,39,6,0.8500000000000085
2575,100.84,2,39,5,0.8500000000000085
2578,100.84,2,55,5,0.8500000000000085
2582,99.52,1,38,0,0.8500000000000085
2582,99.52,1,5,0,0.8500000000000085
2585,99.52,3,5,51,0.8500000000000085
2586,100.84,1,55,5,0.8500000000000085
2586,100.84,1,55,6,0.8500000000000085
2586,99.52,1,5,13,0.8500000000000085
2586,99.52,3,9,13,0.8500000000000085
2593,99.52,2,9,0,0.8500000000000085
2597,99.52,3,10,29,0.8500000000000085
2601,99.52,2,10,25,0.8500000000000085
2601,99.52,1,10,25,0.8500000000000085
2602,100.84,1,55,6,0.8500000000000085
2602,100.84,3,17,6,0.8500000000000085
2606,99.52,4,10,35,0.8500000000000085
2607,99.52,1,9,43,0.8500000000000085
2607,100.84,3,48,8,0.8500000000000085
2612,99.52,2,9,51,0.8500000000000085
2617,99.52,2,9,0,0.8500000000000085
2624,99.52,2,8,0,0.8500000000000085
2631,100.84,2,0,8,0.8500000000000085
2634,99.52,3,8,51,0.8500000000000085
2640,99.52,4,9,30,0.8500000000000085
2649,99.52,1,9,13,0.8500000000000085
2651,100.84,2,58,6,0.8500000000000085
2653,99.52,1,29,18,0.8500000000000085
2654,100.84,1,48,6,0.8500000000000085
2658,99.52,1,29,0,0.8500000000000085
2658,99.52,1,4,0,0.8500000000000085
2658,100.84,2,54,6,0.8500000000000085
2658,100.84,2,54,8,0.8500000000000085
2659,100.84,2,58,8,0.8500000000000085
2661,99.52,2,4,35,0.8500000000000085
2663,99.52,2,4,51,0.8500000000000085
2664,99.52,3,29,43,0.8500000000000085
2673,100.84,1,54,8,0.8500000000000085
2673,99.52,1,29,15,0.8500000000000085
2673,99.52,2,6,15,0.8500000000000085
2682,100.84,4,17,6,0.8500000000000085
2686,99.52,2,6,30,0.8500000000000085
2690,99.52,1,6,21,0.8500000000000085
2690,99.52,2,8,21,0.8500000000000085
2698,100.84,1,17,6,0.8500000000000085
2698,100.84,1,17,51,0.8500000000000085
2698,100.84,1,17,8,0.8500000000000085
2700,99.52,2,8,30,0.8500000000000085
2703,99.52,1,8,29,0.8500000000000085
2706,100.84,2,54,8,0.8500000000000085
2713,99.52,4,5,25,0.8500000000000085
2717,99.52,1,5,25,0.8500000000000085
2717,99.52,2,5,25,0.8500000000000085
2718,100.84,2,39,8,0.8500000000000085
2718,100.84,1,39,8,0.8500000000000085
2719,99.52,3,5,13,0.8500000000000085
2719,99.52,1,5,13,0.8500000000000085
2721,99.52,3,5,32,0.8500000000000085
2726,100.84,1,40,8,0.8500000000000085
2727,100.84,3,44,8,0.8500000000000085
2727,100.85000000000001,1,44,57,0.8600000000000136
2729,99.52,1,5,0,0.8600000000000136
2729,99.52,1,5,0,0.8600000000000136
2733,100.85000000000001,2,17,57,0.8600000000000136
2733,100.85000000000001,1,17,48,0.8600000000000136
2736,99.52,1,5,13,0.8600000000000136
2736,100.85000000000001,3,39,48,0.8600000000000136
2736,100.85000000000001,1,39,34,0.8600000000000136
2740,99.52,1,5,38,0.8600000000000136
2741,99.52,2,5,0,0.8600000000000136
2747,99.52,2,4,0,0.8600000000000136
2748,99.52,1,4,15,0.8600000000000136
2751,100.85000000000001,3,48,34,0.8600000000000136
2751,100.85000000000001,1,48,10,0.8600000000000136
2755,100.85000000000001,2,0,10,0.8600000000000136
2757,99.52,2,4,51,0.8600000000000136
2760,100.85000000000001,1,57,10,0.8600000000000136
2768,100.85000000000001,1,57,10,0.8600000000000136
2768,100.85000000000001,1,57,39,0.8600000000000136
2771,99.52,2,9,30,0.8600000000000136
2771,100.85000000000001,1,0,39,0.8600000000000136
2771,100.85000000000001,1,0,10,0.8600000000000136
2773,100.85000000000001,4,39,10,0.8600000000000136
2780,99.52,3,9,21,0.8600000000000136
2786,100.85000000000001,2,34,10,0.8600000000000136
2787,99.52,3,37,32,0.8600000000000136
2795,100.85000000000001,2,39,10,0.8600000000000136
2803,100.85000000000001,1,44,10,0.8600000000000136
2804,99.52,4,9,30,0.8600000000000136
2804,99.52,1,9,21,0.8600000000000136
2804,99.52,1,4,21,0.8600000000000136
2804,99.52,2,4,15,0.8600000000000136
2808,100.85000000000001,2,34,8,0.8600000000000136
2814,100.85000000000001,2,17,8,0.8600000000000136
2815,99.52,2,4,32,0.8600000000000136
2815,99.52,1,9,32,0.8600000000000136
2815,99.52,2,9,0,0.8600000000000136
2816,99.52,1,9,38,0.8600000000000136
2820,99.52,1,9,21,0.8600000000000136
2829,100.85000000000001,1,54,8,0.8600000000000136
2829,100.85000000000001,2,54,8,0.8600000000000136
2829,100.85000000000001,2,0,8,0.8600000000000136
2831,99.52,2,4,13,0.8600000000000136
2832,100.85000000000001,1,0,8,0.8600000000000136
2832,100.86,1,0,27,0.8700000000000045
2841,100.86,1,58,27,0.8700000000000045
2841,100.86,1,58,44,0.8700000000000045
2842,99.52,3,4,38,0.8700000000000045
2852,99.52,3,9,30,0.8700000000000045
2855,99.52,2,9,15,0.8700000000000045
2861,99.52,1,9,37,0.8700000000000045
2867,99.52,2,9,0,0.8700000000000045
2871,100.86,2,0,44,0.8700000000000045
2874,99.52,1,9,30,0.8700000000000045
2878,100.86,1,39,44,0.8700000000000045
2883,99.52,1,9,51,0.8700000000000045
2883,99.52,2,9,51,0.8700000000000045
2883,99.52,1,9,29,0.8700000000000045
2884,100.86,1,39,5,0.8700000000000045
2885,100.86,4,17,5,0.8700000000000045
2889,99.52,2,9,32,0.8700000000000045
2889,99.52,2,8,32,0.8700000000000045
2891,99.52,1,8,51,0.8700000000000045
2893,99.52,1,8,43,0.8700000000000045
2894,100.86,2,0,10,0.8700000000000045
2896,99.52,1,8,30,0.8700000000000045
2898,99.52,2,8,18,0.8700000000000045
2899,99.52,1,8,32,0.8700000000000045
2910,100.86,1,17,10,0.8700000000000045
2913,99.52,2,8,0,0.8700000000000045
2917,99.52,4,9,30,0.8700000000000045
2917,99.52,1,9,38,0.8700000000000045
2917,99.51,3,8,38,0.8700000000000045
2919,100.86,1,40,10,0.8700000000000045
2927,100.86,1,17,10,0.8700000000000045
2934,99.51,1,8,29,0.8700000000000045
2935,99.51,1,8,30,0.8700000000000045
2939,99.51,2,36,0,0.8700000000000045
2942,100.86,2,17,10,0.8700000000000045
2945,99.51,1,36,37,0.8700000000000045
2945,99.51,2,10,18,0.8700000000000045
2945,99.51,2,10,51,0.8700000000000045
2962,99.51,1,10,36,0.8700000000000045
2962,99.51,2,18,36,0.8700000000000045
2964,99.51,1,8,15,0.8700000000000045
2974,100.86,1,17,10,0.8700000000000045
2975,99.51,1,8,18,0.8700000000000045
2997,99.51,3,8,51,0.8700000000000045
2997,99.51,1,42,51,0.8700000000000045
3005,99.51,1,42,0,0.8700000000000045
3005,99.51,1,8,0,0.8700000000000045
3007,99.51,2,8,30,0.8700000000000045
3009,100.86,2,0,10,0.8700000000000045
3011,100.86,4,40,5,0.8700000000000045
3011,100.86,1,27,5,0.8700000000000045
3011,100.86,1,27,8,0.8700000000000045
3016,100.86,4,54,8,0.8700000000000045
3017,99.51,2,8,42,0.8700000000000045
3021,99.51,1,5,32,0.8700000000000045
3023,99.51,2,5,38,0.8700000000000045
3023,100.86,2,0,17,0.8700000000000045
3024,100.86,1,39,17,0.8700000000000045
3035,100.86,2,0,8,0.8700000000000045
3036,100.86,3,54,8,0.8700000000000045
3043,99.51,2,5,13,0.8700000000000045
3053,99.51,4,4,32,0.8700000000000045
3067,100.86,2,0,17,0.8700000000000045
3067,99.51,1,4,25,0.8700000000000045
3067,99.51,1,37,25,0.8700000000000045
3070,100.86,2,0,17,0.8700000000000045
3076,99.51,2,8,0,0.8800000000000097
3093,100.87,1,54,60,0.8800000000000097
3093,100.87,2,54,56,0.8800000000000097
3103,99.51,2,8,38,0.8800000000000097
3106,100.87,2,0,56,0.8800000000000097
3110,99.51,1,8,25,0.8800000000000097
3110,99.51,3,10,25,0.8800000000000097
3111,99.51,2,10,51,0.8800000000000097
3116,100.87,2,0,41,0.8800000000000097
3117,99.51,4,5,38,0.8800000000000097
3119,100.87,1,17,41,0.8800000000000097
3119,100.87,1,17,49,0.8800000000000097
3119,100.87,2,41,60,0.8800000000000097
3120,99.51,1,5,25,0.8800000000000097
3120,99.51,2,9,25,0.8800000000000097
3131,100.87,2,56,60,0.8800000000000097
3136,99.51,2,9,38,0.8800000000000097
3141,99.51,1,9,32,0.8800000000000097
3141,99.51,2,6,32,0.8800000000000097
3144,100.87,1,60,40,0.8800000000000097
3149,99.51,2,6,0,0.8800000000000097
3149,99.51,1,6,30,0.8800000000000097
3149,99.51,2,6,30,0.8800000000000097
3150,100.87,1,17,40,0.8800000000000097
3150,100.87,2,17,6,0.8800000000000097
3150,99.51,2,6,32,0.8800000000000097
3154,100.87,3,60,6,0.8800000000000097
3154,99.51,1,6,0,0.8800000000000097
3154,99.51,1,8,0,0.8800000000000097
3157,99.51,3,8,25,0.8800000000000097
3161,100.87,2,56,8,0.8800000000000097
3165,100.87,2,0,8,0.8800000000000097
3168,99.51,1,8,30,0.8800000000000097
3172,99.51,2,8,0,0.8800000000000097
3172,100.87,1,44,8,0.8800000000000097
3172,100.87,2,44,8,0.8800000000000097
3189,99.51,3,8,25,0.8800000000000097
3189,99.51,3,8,18,0.8800000000000097
3198,100.87,1,41,8,0.8800000000000097
3200,99.51,1,8,13,0.8800000000000097
3206,100.87,1,17,8,0.8800000000000097
3206,99.51,1,8,15,0.8800000000000097
3206,99.51,3,8,15,0.8800000000000097
3209,99.51,2,8,29,0.8800000000000097
3210,99.51,1,8,37,0.8800000000000097
3211,100.87,1,44,8,0.8800000000000097
3211,100.87,3,44,8,0.8800000000000097
3217,100.87,2,40,8,0.8800000000000097
3217,99.51,4,8,37,0.8800000000000097
3221,100.87,2,0,8,0.8800000000000097
3221,100.87,1,49,8,0.8800000000000097
3242,100.87,2,0,8,0.8800000000000097
3243,100.87,1,40,5,0.8800000000000097
3249,99.51,2,8,37,0.8800000000000097
3256,99.51,2,8,25,0.8800000000000097
3260,99.51,1,8,29,0.8800000000000097
3260,99.51,1,5,29,0.8800000000000097
3260,99.51,4,5,21,0.8800000000000097
3265,99.51,2,5,0,0.8800000000000097
3265,100.87,1,17,5,0.8800000000000097
3267,100.87,1,60,5,0.8800000000000097
3267,99.51,2,5,0,0.8800000000000097
3278,100.87,2,0,5,0.8800000000000097
3281,99.51,1,5,21,0.8800000000000097
3281,99.51,3,9,21,0.8800000000000097
3283,99.51,2,9,0,0.8800000000000097
3286,100.87,2,40,9,0.8800000000000097
3288,99.51,4,8,21,0.8800000000000097
3292,100.87,2,0,9,0.8800000000000097
3292,100.87,1,44,9,0.8800000000000097
3292,100.87,3,44,9,0.8800000000000097
3295,99.51,1,8,0,0.8800000000000097
3295,99.51,1,9,0,0.8800000000000097
3297,100.87,2,0,9,0.8800000000000097
3304,99.51,1,9,37,0.8900000000000006
3328,99.51,2,9,29,0.8900000000000006
3335,99.51,1,9,15,0.8900000000000006
3335,99.5,1,10,15,0.8900000000000006
3336,99.5,1,10,25,0.8900000000000006
3369,99.5,2,10,38,0.8900000000000006
3372,100.88,2,0,3,0.8900000000000006
3376,100.88,2,0,3,0.8900000000000006
3378,100.88,1,0,3,0.8900000000000006
3378,100.88,1,0,57,0.8900000000000006
3395,99.5,1,10,29,0.8900000000000006
3398,99.5,3,10,29,0.8900000000000006
3403,99.5,1,10,51,0.8900000000000006
3408,100.88,2,0,9,0.8900000000000006
3415,99.5,1,10,29,0.8900000000000006
3415,99.5,2,6,29,0.8900000000000006
3416,100.88,1,57,9,0.8900000000000006
3422,99.5,2,6,0,0.8900000000000006
3424,99.5,1,6,25,0.8900000000000006
3424,99.5,1,9,25,0.8900000000000006
3425,99.5,4,9,38,0.8900000000000006
3446,100.88,2,44,9,0.8900000000000006
3446,100.88,2,44,4,0.8900000000000006
3450,100.88,2,0,4,0.8900000000000006
3452,99.5,2,6,0,0.8900000000000006
3460,99.5,3,6,21,0.8900000000000006
3460,99.5,1,5,21,0.8900000000000006
3461,100.88,1,0,4,0.8900000000000006
3461,100.88,1,0,8,0.8900000000000006
3469,100.88,2,0,8,0.8900000000000006
3477,100.88,2,44,8,0.8900000000000006
3477,100.88,2,44,6,0.8900000000000006
3481,99.5,2,5,0,0.8900000000000006
3515,99.5,1,5,51,0.8900000000000006
3516,100.88,2,0,6,0.8900000000000006
3523,100.88,1,54,6,0.8900000000000006
3523,100.88,1,54,6,0.8900000000000006
3524,99.5,1,5,0,0.8900000000000006
3524,99.5,1,10,0,0.8900000000000006
3529,99.5,1,10,21,0.8900000000000006
3534,99.5,3,10,29,0.8900000000000006
3542,99.5,2,10,0,0.8900000000000006
3544,99.5,3,10,18,0.8900000000000006
3544,99.5,1,10,18,0.8900000000000006
3560,99.5,3,10,18,0.8900000000000006
3561,99.5,1,10,0,0.8900000000000006
3561,99.5,1,10,0,0.8900000000000006
3578,100.88,2,0,6,0.8900000000000006
3600,100.88,2,0,6,0.8900000000000006
3610,99.5,4,10,38,0.8900000000000006
3613,100.88,2,0,6,0.8900000000000006
3616,99.5,3,4,18,0.8900000000000006
3621,99.5,2,4,21,0.8900000000000006
3621,99.5,1,6,21,0.8900000000000006
3625,100.88,3,54,6,0.8900000000000006
3625,100.88,1,54,6,0.8900000000000006
3646,99.5,3,6,38,0.8900000000000006
3659,99.5,1,6,0,0.8900000000000006
3659,99.5,1,6,0,0.8900000000000006
3697,99.5,2,6,0,0.8900000000000006
3698,99.5,2,6,0,0.8900000000000006
3720,99.5,1,29,21,0.8900000000000006
3720,99.5,3,8,21,0.8900000000000006
3725,99.5,2,8,18,0.8900000000000006
3726,100.88,2,54,6,0.8900000000000006
3730,99.5,2,37,0,0.8900000000000006
3730,99.5,1,9,18,0.8900000000000006
3733,100.88,2,0,6,0.8900000000000006
3746,99.5,2,9,0,0.8900000000000006
3749,100.88,2,54,8,0.8900000000000006
3750,100.88,3,44,8,0.8900000000000006
3750,100.88,1,44,4,0.8900000000000006
3760,100.88,2,44,4,0.8900000000000006
3771,100.88,2,54,4,0.8900000000000006
3785,99.5,1,9,38,0.8900000000000006
3794,99.5,1,9,37,0.8900000000000006
3794,99.5,2,9,37,0.8900000000000006
3804,100.88,2,54,26,0.8900000000000006
3805,100.88,1,0,26,0.8900000000000006
3805,100.88,1,0,26,0.8900000000000006
3814,99.5,3,9,37,0.8900000000000006
3821,99.5,2,8,0,0.8900000000000006
3841,99.5,2,8,0,0.8900000000000006
3842,99.5,1,8,18,0.8900000000000006
3846,99.5,2,8,38,0.8900000000000006
3847,99.5,3,8,18,0.8900000000000006
3858,99.5,2,8,18,0.8900000000000006
3865,100.88,3,54,26,0.8900000000000006
3865,100.88,1,54,10,0.8900000000000006
3866,99.5,2,8,0,0.8900000000000006
3868,100.88,1,26,10,0.8900000000000006
3876,99.5,1,8,0,0.8900000000000006
3876,99.5,1,8,0,0.8900000000000006
3896,100.88,2,0,10,0.8900000000000006
3907,99.5,3,8,37,0.8900000000000006
3912,99.5,1,8,38,0.8900000000000006
3912,99.5,2,8,38,0.8900000000000006
3912,99.5,2,8,0,0.8900000000000006
3925,100.88,1,0,10,0.8900000000000006
3925,100.88,1,0,4,0.8900000000000006
3926,99.5,1,8,38,0.8900000000000006
3926,99.49000000000001,1,10,38,0.8900000000000006
3942,99.49000000000001,2,10,29,0.8900000000000006
3953,99.49000000000001,2,10,37,0.8900000000000006
3953,99.49000000000001,1,18,37,0.8900000000000006
3953,99.49000000000001,1,8,37,0.8900000000000006
3955,99.49000000000001,4,8,38,0.8900000000000006
3958,100.88,4,44,4,0.8900000000000006
3960,100.89,2,54,31,0.9000000000000057
3960,100.89,1,54,34,0.9000000000000057
3962,100.89,2,0,34,0.9000000000000057
3965,100.89,1,31,34,0.9000000000000057
3965,100.89,1,31,40,0.9000000000000057
3967,100.89,1,34,40,0.9000000000000057
3967,100.89,2,34,6,0.9000000000000057
3972,100.89,1,26,6,0.9000000000000057
3977,99.49000000000001,1,52,29,0.9000000000000057
3977,99.49000000000001,1,10,29,0.9000000000000057
3983,100.89,1,26,6,0.9000000000000057
4002,100.89,1,34,6,0.9000000000000057
4006,99.49000000000001,2,10,0,0.9000000000000057
4010,100.89,2,0,6,0.9000000000000057
4014,100.89,2,0,6,0.9000000000000057
4017,100.89,1,40,6,0.9000000000000057
4017,100.89,1,40,8,0.9000000000000057
4018,99.49000000000001,2,10,0,0.9000000000000057
4022,99.49000000000001,1,37,21,0.9000000000000057
4033,99.49000000000001,2,37,0,0.9000000000000057
4051,100.89,3,54,8,0.9000000000000057
4062,99.49000000000001,1,37,18,0.9000000000000057
4065,100.89,1,44,8,0.9000000000000057
4066,99.49000000000001,1,38,0,0.9000000000000057
4066,99.49000000000001,1,6,0,0.9000000000000057
4070,99.49000000000001,1,6,29,0.9000000000000057
4077,100.89,2,0,6,0.9000000000000057
4085,100.89,3,54,6,0.9000000000000057
4085,100.89,1,54,39,0.9000000000000057
4096,100.89,2,0,40,0.9000000000000057
4114,100.89,2,40,40,0.9000000000000057
4118,99.49000000000001,1,6,52,0.9000000000000057
4135,99.49000000000001,2,6,37,0.9000000000000057
4135,99.49000000000001,2,8,37,0.9000000000000057
4138,100.89,2,0,6,0.9000000000000057
4140,100.89,1,40,6,0.9000000000000057
4146,99.49000000000001,2,8,21,0.9000000000000057
4157,100.89,2,54,6,0.9000000000000057
4157,100.89,1,54,10,0.9000000000000057
4158,99.49000000000001,1,8,37,0.9000000000000057
4158,99.49000000000001,2,10,37,0.9000000000000057
4159,100.89,2,0,10,0.9000000000000057
4170,100.89,2,0,10,0.9000000000000057
4181,99.49000000000001,3,10,21,0.9000000000000057
4182,99.49000000000001,4,10,29,0.9000000000000057
4188,99.49000000000001,1,10,37,0.9000000000000057
4188,99.49000000000001,2,8,37,0.9000000000000057
4199,99.49000000000001,3,8,37,0.9000000000000057
4213,100.89,1,54,10,0.9000000000000057
4217,100.89,1,39,10,0.9000000000000057
4218,99.49000000000001,1,10,29,0.9000000000000057
4220,99.49000000000001,1,10,38,0.9000000000000057
4233,100.89,2,0,10,0.9000000000000057
4237,99.49000000000001,2,10,0,0.9000000000000057
4241,100.89,1,0,10,0.9000000000000057
4241,100.89,1,0,6,0.9000000000000057
4247,99.49000000000001,1,10,0,0.9000000000000057
4247,99.49000000000001,1,29,0,0.9000000000000057
4253,100.89,1,40,6,0.9000000000000057
4254,100.89,1,44,6,0.9000000000000057
4256,99.49000000000001,2,29,0,0.9000000000000057
4266,100.89,2,0,6,0.9000000000000057
4315,100.89,2,0,8,0.9000000000000057
4323,99.49000000000001,1,4,21,0.9000000000000057
4326,100.89,2,0,8,0.9000000000000057
4328,99.49000000000001,4,4,29,0.9000000000000057
4330,99.49000000000001,2,6,0,0.9000000000000057
4336,99.49000000000001,3,6,37,0.9000000000000057
4352,100.89,1,54,8,0.9000000000000057
4361,100.89,2,0,9,0.9000000000000057
4385,100.89,2,0,9,0.9000000000000057
4391,100.89,1,0,9,0.9000000000000057
4391,100.89,1,0,10,0.9000000000000057
4394,99.49000000000001,2,6,0,0.9000000000000057
4401,99.49000000000001,1,6,37,0.9000000000000057
4403,99.49000000000001,2,6,0,0.9000000000000057
4422,99.49000000000001,3,6,29,0.9000000000000057
4443,100.89,2,0,10,0.9000000000000057
4446,100.89,2,0,10,0.9000000000000057
4460,100.89,2,0,10,0.9000000000000057
4461,100.89,2,0,10,0.9000000000000057
4472,100.89,1,0,10,0.9000000000000057
4472,100.89,1,0,8,0.9000000000000057
4477,99.49000000000001,2,6,0,0.9000000000000057
4480,99.49000000000001,3,6,29,0.9000000000000057
4481,100.89,4,54,8,0.9000000000000057
4510,100.89,1,54,9,0.9000000000000057
4518,99.49000000000001,2,6,0,0.9000000000000057
4534,99.49000000000001,1,6,37,0.9000000000000057
4538,99.49000000000001,2,6,0,0.9000000000000057
4543,99.49000000000001,2,6,37,0.9000000000000057
4543,99.49000000000001,2,9,37,0.9000000000000057
4556,99.49000000000001,2,9,0,0.9000000000000057
4574,100.89,1,54,9,0.9000000000000057
4588,99.49000000000001,1,9,0,0.9000000000000057
4588,99.49000000000001,1,8,0,0.9000000000000057
4595,99.49000000000001,3,8,37,0.9000000000000057
4620,100.89,2,0,9,0.9000000000000057
4623,100.89,1,0,9,0.9000000000000057
4623,100.9,1,0,9,0.9100000000000108
4643,100.9,2,0,9,0.9100000000000108
4646,99.49000000000001,1,8,0,0.9100000000000108
4646,99.49000000000001,1,6,0,0.9100000000000108
4657,100.9,2,0,9,0.9100000000000108
4688,100.9,2,0,4,0.9100000000000108
4699,99.49000000000001,2,6,0,0.9100000000000108
4701,99.49000000000001,2,6,29,0.9100000000000108
4701,99.49000000000001,2,8,29,0.9100000000000108
4705,99.49000000000001,1,8,37,0.9100000000000108
4728,99.49000000000001,1,8,37,0.9100000000000108
4738,99.49000000000001,1,8,29,0.9100000000000108
4738,99.49000000000001,3,8,29,0.9100000000000108
4760,99.49000000000001,2,8,29,0.9100000000000108
4819,99.48,1,8,37,0.9100000000000108
4841,99.48,2,8,0,0.9100000000000108
4875,100.9,2,0,4,0.9100000000000108
4889,100.9,1,0,4,0.9100000000000108
4889,100.9,1,0,4,0.9100000000000108
4899,100.9,2,0,4,0.9100000000000108
4910,99.48,2,8,0,0.9100000000000108
4933,100.9,2,0,4,0.9100000000000108
4939,100.9,2,0,9,0.9100000000000108
4978,99.48,1,6,37,0.9100000000000108
4992,99.48,2,6,29,0.9100000000000108
